BaseDateTime,MMSI,VesselName,LAT,LON,SOG,COG,Heading,image,spill_latitude,spill_longitude,spill_date,spill_category,spill_subcategory,CallSign,ShipType,Flag,IMO,Length_m,Width_m,GrossTonnage,Deadweight_t,YearBuilt,Destination,Status
2014-10-20 09:00:00,900000001,Test Vessel 01-1,36.897916,1.531313,10.95,301.29,301.29,oil_spill_geo_01.jpg,36.8423,1.6306,20141020,Positive,Ships,VSL1000,Tanker,India,9000000,240.6,11.8,136635,43562,2004,Rotterdam,Under way using engine
2014-10-20 09:30:00,900000001,Test Vessel 01-1,36.94566,1.435033,10.87,301.8,301.8,oil_spill_geo_01.jpg,36.8423,1.6306,20141020,Positive,Ships,VSL1000,Tanker,India,9000000,240.6,11.8,136635,43562,2004,Rotterdam,Under way using engine
2014-10-20 10:00:00,900000001,Test Vessel 01-1,36.992379,1.340513,10.66,301.74,301.74,oil_spill_geo_01.jpg,36.8423,1.6306,20141020,Positive,Ships,VSL1000,Tanker,India,9000000,240.6,11.8,136635,43562,2004,Rotterdam,Under way using engine
2014-10-20 10:30:00,900000001,Test Vessel 01-1,37.04458,1.248046,10.85,305.25,305.25,oil_spill_geo_01.jpg,36.8423,1.6306,20141020,Positive,Ships,VSL1000,Tanker,India,9000000,240.6,11.8,136635,43562,2004,Rotterdam,Under way using engine
2014-10-20 11:00:00,900000001,Test Vessel 01-1,37.098486,1.153423,11.13,305.52,305.52,oil_spill_geo_01.jpg,36.8423,1.6306,20141020,Positive,Ships,VSL1000,Tanker,India,9000000,240.6,11.8,136635,43562,2004,Rotterdam,Under way using engine
2014-10-20 11:30:00,900000001,Test Vessel 01-1,37.15374,1.062771,10.92,307.39,307.39,oil_spill_geo_01.jpg,36.8423,1.6306,20141020,Positive,Ships,VSL1000,Tanker,India,9000000,240.6,11.8,136635,43562,2004,Rotterdam,Under way using engine
2014-10-20 12:00:00,900000001,Test Vessel 01-1,37.209584,0.97582,10.68,308.86,308.86,oil_spill_geo_01.jpg,36.8423,1.6306,20141020,Positive,Ships,VSL1000,Tanker,India,9000000,240.6,11.8,136635,43562,2004,Rotterdam,Under way using engine
2014-10-20 12:30:00,900000001,Test Vessel 01-1,37.2695,0.893362,10.67,312.38,312.38,oil_spill_geo_01.jpg,36.8423,1.6306,20141020,Positive,Ships,VSL1000,Tanker,India,9000000,240.6,11.8,136635,43562,2004,Rotterdam,Under way using engine
2014-10-20 13:00:00,900000001,Test Vessel 01-1,37.327621,0.811206,10.5,311.64,311.64,oil_spill_geo_01.jpg,36.8423,1.6306,20141020,Positive,Ships,VSL1000,Tanker,India,9000000,240.6,11.8,136635,43562,2004,Rotterdam,Under way using engine
2014-10-20 13:30:00,900000001,Test Vessel 01-1,37.39087,0.735795,10.46,316.53,316.53,oil_spill_geo_01.jpg,36.8423,1.6306,20141020,Positive,Ships,VSL1000,Tanker,India,9000000,240.6,11.8,136635,43562,2004,Rotterdam,Under way using engine
2014-10-20 14:00:00,900000001,Test Vessel 01-1,37.451781,0.658629,10.37,314.81,314.81,oil_spill_geo_01.jpg,36.8423,1.6306,20141020,Positive,Ships,VSL1000,Tanker,India,9000000,240.6,11.8,136635,43562,2004,Rotterdam,Under way using engine
2014-10-20 14:30:00,900000001,Test Vessel 01-1,37.515484,0.583649,10.46,316.94,316.94,oil_spill_geo_01.jpg,36.8423,1.6306,20141020,Positive,Ships,VSL1000,Tanker,India,9000000,240.6,11.8,136635,43562,2004,Rotterdam,Under way using engine
2014-10-20 15:00:00,900000001,Test Vessel 01-1,37.581548,0.510202,10.57,318.59,318.59,oil_spill_geo_01.jpg,36.8423,1.6306,20141020,Positive,Ships,VSL1000,Tanker,India,9000000,240.6,11.8,136635,43562,2004,Rotterdam,Under way using engine
2014-10-20 09:00:00,900000002,Test Vessel 01-2,36.814001,1.72252,8.62,119.76,119.76,oil_spill_geo_01.jpg,36.8423,1.6306,20141020,Positive,Ships,VSL1001,Cargo,Singapore,9000001,114.0,18.5,30102,83993,2021,Fujairah,Under way using engine
2014-10-20 09:30:00,900000002,Test Vessel 01-2,36.779713,1.798824,8.41,119.31,119.31,oil_spill_geo_01.jpg,36.8423,1.6306,20141020,Positive,Ships,VSL1001,Cargo,Singapore,9000001,114.0,18.5,30102,83993,2021,Fujairah,Under way using engine
2014-10-20 10:00:00,900000002,Test Vessel 01-2,36.748401,1.878951,8.57,116.01,116.01,oil_spill_geo_01.jpg,36.8423,1.6306,20141020,Positive,Ships,VSL1001,Cargo,Singapore,9000001,114.0,18.5,30102,83993,2021,Fujairah,Under way using engine
2014-10-20 10:30:00,900000002,Test Vessel 01-2,36.713255,1.958147,8.7,118.98,118.98,oil_spill_geo_01.jpg,36.8423,1.6306,20141020,Positive,Ships,VSL1001,Cargo,Singapore,9000001,114.0,18.5,30102,83993,2021,Fujairah,Under way using engine
2014-10-20 11:00:00,900000002,Test Vessel 01-2,36.680879,2.039797,8.76,116.32,116.32,oil_spill_geo_01.jpg,36.8423,1.6306,20141020,Positive,Ships,VSL1001,Cargo,Singapore,9000001,114.0,18.5,30102,83993,2021,Fujairah,Under way using engine
2014-10-20 11:30:00,900000002,Test Vessel 01-2,36.647766,2.121589,8.82,116.79,116.79,oil_spill_geo_01.jpg,36.8423,1.6306,20141020,Positive,Ships,VSL1001,Cargo,Singapore,9000001,114.0,18.5,30102,83993,2021,Fujairah,Under way using engine
2014-10-20 12:00:00,900000002,Test Vessel 01-2,36.610492,2.201187,8.87,120.27,120.27,oil_spill_geo_01.jpg,36.8423,1.6306,20141020,Positive,Ships,VSL1001,Cargo,Singapore,9000001,114.0,18.5,30102,83993,2021,Fujairah,Under way using engine
2014-10-20 12:30:00,900000002,Test Vessel 01-2,36.570157,2.278603,8.89,122.99,122.99,oil_spill_geo_01.jpg,36.8423,1.6306,20141020,Positive,Ships,VSL1001,Cargo,Singapore,9000001,114.0,18.5,30102,83993,2021,Fujairah,Under way using engine
2014-10-20 13:00:00,900000002,Test Vessel 01-2,36.527837,2.356306,9.05,124.14,124.14,oil_spill_geo_01.jpg,36.8423,1.6306,20141020,Positive,Ships,VSL1001,Cargo,Singapore,9000001,114.0,18.5,30102,83993,2021,Fujairah,Under way using engine
2014-10-20 13:30:00,900000002,Test Vessel 01-2,36.49239,2.438183,8.97,118.31,118.31,oil_spill_geo_01.jpg,36.8423,1.6306,20141020,Positive,Ships,VSL1001,Cargo,Singapore,9000001,114.0,18.5,30102,83993,2021,Fujairah,Under way using engine
2014-10-20 14:00:00,900000002,Test Vessel 01-2,36.459714,2.519943,8.81,116.43,116.43,oil_spill_geo_01.jpg,36.8423,1.6306,20141020,Positive,Ships,VSL1001,Cargo,Singapore,9000001,114.0,18.5,30102,83993,2021,Fujairah,Under way using engine
2014-10-20 14:30:00,900000002,Test Vessel 01-2,36.426975,2.605934,9.18,115.33,115.33,oil_spill_geo_01.jpg,36.8423,1.6306,20141020,Positive,Ships,VSL1001,Cargo,Singapore,9000001,114.0,18.5,30102,83993,2021,Fujairah,Under way using engine
2014-10-20 15:00:00,900000002,Test Vessel 01-2,36.397721,2.696517,9.42,111.87,111.87,oil_spill_geo_01.jpg,36.8423,1.6306,20141020,Positive,Ships,VSL1001,Cargo,Singapore,9000001,114.0,18.5,30102,83993,2021,Fujairah,Under way using engine
2014-10-20 09:00:00,900000003,Test Vessel 01-3,36.791263,1.555765,10.18,231.34,231.34,oil_spill_geo_01.jpg,36.8423,1.6306,20141020,Positive,Ships,VSL1002,Container Ship,Liberia,9000002,139.1,22.3,129700,160731,1998,Colombo,Under way using engine
2014-10-20 09:30:00,900000003,Test Vessel 01-3,36.737292,1.475593,10.06,229.95,229.95,oil_spill_geo_01.jpg,36.8423,1.6306,20141020,Positive,Ships,VSL1002,Container Ship,Liberia,9000002,139.1,22.3,129700,160731,1998,Colombo,Under way using engine
2014-10-20 10:00:00,900000003,Test Vessel 01-3,36.687498,1.391989,10.02,233.38,233.38,oil_spill_geo_01.jpg,36.8423,1.6306,20141020,Positive,Ships,VSL1002,Container Ship,Liberia,9000002,139.1,22.3,129700,160731,1998,Colombo,Under way using engine
2014-10-20 10:30:00,900000003,Test Vessel 01-3,36.633515,1.31649,9.73,228.28,228.28,oil_spill_geo_01.jpg,36.8423,1.6306,20141020,Positive,Ships,VSL1002,Container Ship,Liberia,9000002,139.1,22.3,129700,160731,1998,Colombo,Under way using engine
2014-10-20 11:00:00,900000003,Test Vessel 01-3,36.575021,1.244609,9.86,224.6,224.6,oil_spill_geo_01.jpg,36.8423,1.6306,20141020,Positive,Ships,VSL1002,Container Ship,Liberia,9000002,139.1,22.3,129700,160731,1998,Colombo,Under way using engine
2014-10-20 11:30:00,900000003,Test Vessel 01-3,36.51609,1.170791,10.03,225.17,225.17,oil_spill_geo_01.jpg,36.8423,1.6306,20141020,Positive,Ships,VSL1002,Container Ship,Liberia,9000002,139.1,22.3,129700,160731,1998,Colombo,Under way using engine
2014-10-20 12:00:00,900000003,Test Vessel 01-3,36.455177,1.098967,10.07,223.46,223.46,oil_spill_geo_01.jpg,36.8423,1.6306,20141020,Positive,Ships,VSL1002,Container Ship,Liberia,9000002,139.1,22.3,129700,160731,1998,Colombo,Under way using engine
2014-10-20 12:30:00,900000003,Test Vessel 01-3,36.39729,1.024537,9.99,225.96,225.96,oil_spill_geo_01.jpg,36.8423,1.6306,20141020,Positive,Ships,VSL1002,Container Ship,Liberia,9000002,139.1,22.3,129700,160731,1998,Colombo,Under way using engine
2014-10-20 13:00:00,900000003,Test Vessel 01-3,36.342269,0.949176,9.83,227.79,227.79,oil_spill_geo_01.jpg,36.8423,1.6306,20141020,Positive,Ships,VSL1002,Container Ship,Liberia,9000002,139.1,22.3,129700,160731,1998,Colombo,Under way using engine
2014-10-20 13:30:00,900000003,Test Vessel 01-3,36.286276,0.876338,9.73,226.34,226.34,oil_spill_geo_01.jpg,36.8423,1.6306,20141020,Positive,Ships,VSL1002,Container Ship,Liberia,9000002,139.1,22.3,129700,160731,1998,Colombo,Under way using engine
2014-10-20 14:00:00,900000003,Test Vessel 01-3,36.224827,0.808763,9.85,221.55,221.55,oil_spill_geo_01.jpg,36.8423,1.6306,20141020,Positive,Ships,VSL1002,Container Ship,Liberia,9000002,139.1,22.3,129700,160731,1998,Colombo,Under way using engine
2014-10-20 14:30:00,900000003,Test Vessel 01-3,36.161606,0.743753,9.86,219.68,219.68,oil_spill_geo_01.jpg,36.8423,1.6306,20141020,Positive,Ships,VSL1002,Container Ship,Liberia,9000002,139.1,22.3,129700,160731,1998,Colombo,Under way using engine
2014-10-20 15:00:00,900000003,Test Vessel 01-3,36.099485,0.67544,9.97,221.6,221.6,oil_spill_geo_01.jpg,36.8423,1.6306,20141020,Positive,Ships,VSL1002,Container Ship,Liberia,9000002,139.1,22.3,129700,160731,1998,Colombo,Under way using engine
2014-10-21 09:00:00,900000011,Test Vessel 02-1,37.318421,4.744916,10.31,101.8,101.8,oil_spill_geo_02.jpg,37.3376,4.6427,20141021,Positive,Ships,VSL1003,Tanker,Panama,9000003,131.2,21.2,78406,143614,2003,Durban,Under way using engine
2014-10-21 09:30:00,900000011,Test Vessel 02-1,37.308923,4.849666,10.06,96.5,96.5,oil_spill_geo_02.jpg,37.3376,4.6427,20141021,Positive,Ships,VSL1003,Tanker,Panama,9000003,131.2,21.2,78406,143614,2003,Durban,Under way using engine
2014-10-21 10:00:00,900000011,Test Vessel 02-1,37.297371,4.951681,9.84,98.1,98.1,oil_spill_geo_02.jpg,37.3376,4.6427,20141021,Positive,Ships,VSL1003,Tanker,Panama,9000003,131.2,21.2,78406,143614,2003,Durban,Under way using engine
2014-10-21 10:30:00,900000011,Test Vessel 02-1,37.287653,5.057408,10.16,96.59,96.59,oil_spill_geo_02.jpg,37.3376,4.6427,20141021,Positive,Ships,VSL1003,Tanker,Panama,9000003,131.2,21.2,78406,143614,2003,Durban,Under way using engine
2014-10-21 11:00:00,900000011,Test Vessel 02-1,37.279892,5.165317,10.34,95.17,95.17,oil_spill_geo_02.jpg,37.3376,4.6427,20141021,Positive,Ships,VSL1003,Tanker,Panama,9000003,131.2,21.2,78406,143614,2003,Durban,Under way using engine
2014-10-21 11:30:00,900000011,Test Vessel 02-1,37.27775,5.273082,10.29,91.43,91.43,oil_spill_geo_02.jpg,37.3376,4.6427,20141021,Positive,Ships,VSL1003,Tanker,Panama,9000003,131.2,21.2,78406,143614,2003,Durban,Under way using engine
2014-10-21 12:00:00,900000011,Test Vessel 02-1,37.281266,5.379899,10.21,87.63,87.63,oil_spill_geo_02.jpg,37.3376,4.6427,20141021,Positive,Ships,VSL1003,Tanker,Panama,9000003,131.2,21.2,78406,143614,2003,Durban,Under way using engine
2014-10-21 12:30:00,900000011,Test Vessel 02-1,37.279855,5.482274,9.78,90.99,90.99,oil_spill_geo_02.jpg,37.3376,4.6427,20141021,Positive,Ships,VSL1003,Tanker,Panama,9000003,131.2,21.2,78406,143614,2003,Durban,Under way using engine
2014-10-21 13:00:00,900000011,Test Vessel 02-1,37.275951,5.585169,9.84,92.73,92.73,oil_spill_geo_02.jpg,37.3376,4.6427,20141021,Positive,Ships,VSL1003,Tanker,Panama,9000003,131.2,21.2,78406,143614,2003,Durban,Under way using engine
2014-10-21 13:30:00,900000011,Test Vessel 02-1,37.275464,5.684387,9.47,90.35,90.35,oil_spill_geo_02.jpg,37.3376,4.6427,20141021,Positive,Ships,VSL1003,Tanker,Panama,9000003,131.2,21.2,78406,143614,2003,Durban,Under way using engine
2014-10-21 14:00:00,900000011,Test Vessel 02-1,37.274592,5.782214,9.34,90.64,90.64,oil_spill_geo_02.jpg,37.3376,4.6427,20141021,Positive,Ships,VSL1003,Tanker,Panama,9000003,131.2,21.2,78406,143614,2003,Durban,Under way using engine
2014-10-21 14:30:00,900000011,Test Vessel 02-1,37.272454,5.880066,9.35,91.57,91.57,oil_spill_geo_02.jpg,37.3376,4.6427,20141021,Positive,Ships,VSL1003,Tanker,Panama,9000003,131.2,21.2,78406,143614,2003,Durban,Under way using engine
2014-10-21 15:00:00,900000011,Test Vessel 02-1,37.26171,5.976384,9.29,97.98,97.98,oil_spill_geo_02.jpg,37.3376,4.6427,20141021,Positive,Ships,VSL1003,Tanker,Panama,9000003,131.2,21.2,78406,143614,2003,Durban,Under way using engine
2014-10-21 09:00:00,900000012,Test Vessel 02-2,37.400565,4.671585,9.54,18.32,18.32,oil_spill_geo_02.jpg,37.3376,4.6427,20141021,Positive,Ships,VSL1004,Chemical Tanker,Marshall Islands,9000004,255.4,32.7,67475,167296,2016,Piraeus,Under way using engine
2014-10-21 09:30:00,900000012,Test Vessel 02-2,37.470796,4.71127,9.24,24.17,24.17,oil_spill_geo_02.jpg,37.3376,4.6427,20141021,Positive,Ships,VSL1004,Chemical Tanker,Marshall Islands,9000004,255.4,32.7,67475,167296,2016,Piraeus,Under way using engine
2014-10-21 10:00:00,900000012,Test Vessel 02-2,37.540571,4.746106,9.01,21.62,21.62,oil_spill_geo_02.jpg,37.3376,4.6427,20141021,Positive,Ships,VSL1004,Chemical Tanker,Marshall Islands,9000004,255.4,32.7,67475,167296,2016,Piraeus,Under way using engine
2014-10-21 10:30:00,900000012,Test Vessel 02-2,37.608378,4.777326,8.66,20.06,20.06,oil_spill_geo_02.jpg,37.3376,4.6427,20141021,Positive,Ships,VSL1004,Chemical Tanker,Marshall Islands,9000004,255.4,32.7,67475,167296,2016,Piraeus,Under way using engine
2014-10-21 11:00:00,900000012,Test Vessel 02-2,37.674593,4.812114,8.61,22.6,22.6,oil_spill_geo_02.jpg,37.3376,4.6427,20141021,Positive,Ships,VSL1004,Chemical Tanker,Marshall Islands,9000004,255.4,32.7,67475,167296,2016,Piraeus,Under way using engine
2014-10-21 11:30:00,900000012,Test Vessel 02-2,37.741258,4.837405,8.35,16.71,16.71,oil_spill_geo_02.jpg,37.3376,4.6427,20141021,Positive,Ships,VSL1004,Chemical Tanker,Marshall Islands,9000004,255.4,32.7,67475,167296,2016,Piraeus,Under way using engine
2014-10-21 12:00:00,900000012,Test Vessel 02-2,37.80913,4.86524,8.56,17.97,17.97,oil_spill_geo_02.jpg,37.3376,4.6427,20141021,Positive,Ships,VSL1004,Chemical Tanker,Marshall Islands,9000004,255.4,32.7,67475,167296,2016,Piraeus,Under way using engine
2014-10-21 12:30:00,900000012,Test Vessel 02-2,37.878743,4.908129,9.29,25.95,25.95,oil_spill_geo_02.jpg,37.3376,4.6427,20141021,Positive,Ships,VSL1004,Chemical Tanker,Marshall Islands,9000004,255.4,32.7,67475,167296,2016,Piraeus,Under way using engine
2014-10-21 13:00:00,900000012,Test Vessel 02-2,37.945521,4.952381,9.04,27.61,27.61,oil_spill_geo_02.jpg,37.3376,4.6427,20141021,Positive,Ships,VSL1004,Chemical Tanker,Marshall Islands,9000004,255.4,32.7,67475,167296,2016,Piraeus,Under way using engine
2014-10-21 13:30:00,900000012,Test Vessel 02-2,38.017266,4.983858,9.11,19.08,19.08,oil_spill_geo_02.jpg,37.3376,4.6427,20141021,Positive,Ships,VSL1004,Chemical Tanker,Marshall Islands,9000004,255.4,32.7,67475,167296,2016,Piraeus,Under way using engine
2014-10-21 14:00:00,900000012,Test Vessel 02-2,38.089472,5.009849,9.01,15.83,15.83,oil_spill_geo_02.jpg,37.3376,4.6427,20141021,Positive,Ships,VSL1004,Chemical Tanker,Marshall Islands,9000004,255.4,32.7,67475,167296,2016,Piraeus,Under way using engine
2014-10-21 14:30:00,900000012,Test Vessel 02-2,38.162202,5.031837,8.97,13.38,13.38,oil_spill_geo_02.jpg,37.3376,4.6427,20141021,Positive,Ships,VSL1004,Chemical Tanker,Marshall Islands,9000004,255.4,32.7,67475,167296,2016,Piraeus,Under way using engine
2014-10-21 15:00:00,900000012,Test Vessel 02-2,38.233755,5.060789,9.01,17.65,17.65,oil_spill_geo_02.jpg,37.3376,4.6427,20141021,Positive,Ships,VSL1004,Chemical Tanker,Marshall Islands,9000004,255.4,32.7,67475,167296,2016,Piraeus,Under way using engine
2014-10-21 09:00:00,900000013,Test Vessel 02-3,37.401367,4.719904,11.49,38.87,38.87,oil_spill_geo_02.jpg,37.3376,4.6427,20141021,Positive,Ships,VSL1005,Offshore Supply Vessel,Greece,9000005,269.8,29.7,37090,143976,2003,Houston,Under way using engine
2014-10-21 09:30:00,900000013,Test Vessel 02-3,37.47696,4.798047,11.74,39.39,39.39,oil_spill_geo_02.jpg,37.3376,4.6427,20141021,Positive,Ships,VSL1005,Offshore Supply Vessel,Greece,9000005,269.8,29.7,37090,143976,2003,Houston,Under way using engine
2014-10-21 10:00:00,900000013,Test Vessel 02-3,37.552709,4.871014,11.44,37.4,37.4,oil_spill_geo_02.jpg,37.3376,4.6427,20141021,Positive,Ships,VSL1005,Offshore Supply Vessel,Greece,9000005,269.8,29.7,37090,143976,2003,Houston,Under way using engine
2014-10-21 10:30:00,900000013,Test Vessel 02-3,37.630925,4.936403,11.26,33.54,33.54,oil_spill_geo_02.jpg,37.3376,4.6427,20141021,Positive,Ships,VSL1005,Offshore Supply Vessel,Greece,9000005,269.8,29.7,37090,143976,2003,Houston,Under way using engine
2014-10-21 11:00:00,900000013,Test Vessel 02-3,37.699333,5.014314,11.05,42.05,42.05,oil_spill_geo_02.jpg,37.3376,4.6427,20141021,Positive,Ships,VSL1005,Offshore Supply Vessel,Greece,9000005,269.8,29.7,37090,143976,2003,Houston,Under way using engine
2014-10-21 11:30:00,900000013,Test Vessel 02-3,37.762694,5.095528,10.83,45.4,45.4,oil_spill_geo_02.jpg,37.3376,4.6427,20141021,Positive,Ships,VSL1005,Offshore Supply Vessel,Greece,9000005,269.8,29.7,37090,143976,2003,Houston,Under way using engine
2014-10-21 12:00:00,900000013,Test Vessel 02-3,37.82227,5.182616,10.93,49.13,49.13,oil_spill_geo_02.jpg,37.3376,4.6427,20141021,Positive,Ships,VSL1005,Offshore Supply Vessel,Greece,9000005,269.8,29.7,37090,143976,2003,Houston,Under way using engine
2014-10-21 12:30:00,900000013,Test Vessel 02-3,37.882538,5.268864,10.92,48.5,48.5,oil_spill_geo_02.jpg,37.3376,4.6427,20141021,Positive,Ships,VSL1005,Offshore Supply Vessel,Greece,9000005,269.8,29.7,37090,143976,2003,Houston,Under way using engine
2014-10-21 13:00:00,900000013,Test Vessel 02-3,37.946504,5.352449,11.03,45.88,45.88,oil_spill_geo_02.jpg,37.3376,4.6427,20141021,Positive,Ships,VSL1005,Offshore Supply Vessel,Greece,9000005,269.8,29.7,37090,143976,2003,Houston,Under way using engine
2014-10-21 13:30:00,900000013,Test Vessel 02-3,38.010697,5.431235,10.72,44.06,44.06,oil_spill_geo_02.jpg,37.3376,4.6427,20141021,Positive,Ships,VSL1005,Offshore Supply Vessel,Greece,9000005,269.8,29.7,37090,143976,2003,Houston,Under way using engine
2014-10-21 14:00:00,900000013,Test Vessel 02-3,38.080451,5.502805,10.76,38.95,38.95,oil_spill_geo_02.jpg,37.3376,4.6427,20141021,Positive,Ships,VSL1005,Offshore Supply Vessel,Greece,9000005,269.8,29.7,37090,143976,2003,Houston,Under way using engine
2014-10-21 14:30:00,900000013,Test Vessel 02-3,38.143812,5.584058,10.8,45.27,45.27,oil_spill_geo_02.jpg,37.3376,4.6427,20141021,Positive,Ships,VSL1005,Offshore Supply Vessel,Greece,9000005,269.8,29.7,37090,143976,2003,Houston,Under way using engine
2014-10-21 15:00:00,900000013,Test Vessel 02-3,38.208124,5.665246,10.87,44.79,44.79,oil_spill_geo_02.jpg,37.3376,4.6427,20141021,Positive,Ships,VSL1005,Offshore Supply Vessel,Greece,9000005,269.8,29.7,37090,143976,2003,Houston,Under way using engine
2014-10-21 09:00:00,900000021,Test Vessel 03-1,37.519537,4.246603,8.75,239.91,239.91,oil_spill_geo_03.jpg,37.5616,4.318,20141021,Positive,Ships,VSL1006,Tanker,Norway,9000006,111.5,15.0,5374,106976,2008,Port Klang,Under way using engine
2014-10-21 09:30:00,900000021,Test Vessel 03-1,37.485056,4.169305,8.44,240.65,240.65,oil_spill_geo_03.jpg,37.5616,4.318,20141021,Positive,Ships,VSL1006,Tanker,Norway,9000006,111.5,15.0,5374,106976,2008,Port Klang,Under way using engine
2014-10-21 10:00:00,900000021,Test Vessel 03-1,37.442921,4.092981,8.85,235.17,235.17,oil_spill_geo_03.jpg,37.5616,4.318,20141021,Positive,Ships,VSL1006,Tanker,Norway,9000006,111.5,15.0,5374,106976,2008,Port Klang,Under way using engine
2014-10-21 10:30:00,900000021,Test Vessel 03-1,37.408537,4.011297,8.81,242.07,242.07,oil_spill_geo_03.jpg,37.5616,4.318,20141021,Positive,Ships,VSL1006,Tanker,Norway,9000006,111.5,15.0,5374,106976,2008,Port Klang,Under way using engine
2014-10-21 11:00:00,900000021,Test Vessel 03-1,37.370932,3.927501,9.17,240.54,240.54,oil_spill_geo_03.jpg,37.5616,4.318,20141021,Positive,Ships,VSL1006,Tanker,Norway,9000006,111.5,15.0,5374,106976,2008,Port Klang,Under way using engine
2014-10-21 11:30:00,900000021,Test Vessel 03-1,37.32934,3.849597,8.95,236.11,236.11,oil_spill_geo_03.jpg,37.5616,4.318,20141021,Positive,Ships,VSL1006,Tanker,Norway,9000006,111.5,15.0,5374,106976,2008,Port Klang,Under way using engine
2014-10-21 12:00:00,900000021,Test Vessel 03-1,37.290997,3.770349,8.85,238.68,238.68,oil_spill_geo_03.jpg,37.5616,4.318,20141021,Positive,Ships,VSL1006,Tanker,Norway,9000006,111.5,15.0,5374,106976,2008,Port Klang,Under way using engine
2014-10-21 12:30:00,900000021,Test Vessel 03-1,37.252809,3.691525,8.81,238.66,238.66,oil_spill_geo_03.jpg,37.5616,4.318,20141021,Positive,Ships,VSL1006,Tanker,Norway,9000006,111.5,15.0,5374,106976,2008,Port Klang,Under way using engine
2014-10-21 13:00:00,900000021,Test Vessel 03-1,37.214643,3.608441,9.16,240.01,240.01,oil_spill_geo_03.jpg,37.5616,4.318,20141021,Positive,Ships,VSL1006,Tanker,Norway,9000006,111.5,15.0,5374,106976,2008,Port Klang,Under way using engine
2014-10-21 13:30:00,900000021,Test Vessel 03-1,37.176233,3.523634,9.32,240.37,240.37,oil_spill_geo_03.jpg,37.5616,4.318,20141021,Positive,Ships,VSL1006,Tanker,Norway,9000006,111.5,15.0,5374,106976,2008,Port Klang,Under way using engine
2014-10-21 14:00:00,900000021,Test Vessel 03-1,37.128644,3.446713,9.31,232.17,232.17,oil_spill_geo_03.jpg,37.5616,4.318,20141021,Positive,Ships,VSL1006,Tanker,Norway,9000006,111.5,15.0,5374,106976,2008,Port Klang,Under way using engine
2014-10-21 14:30:00,900000021,Test Vessel 03-1,37.079204,3.375882,9.01,228.8,228.8,oil_spill_geo_03.jpg,37.5616,4.318,20141021,Positive,Ships,VSL1006,Tanker,Norway,9000006,111.5,15.0,5374,106976,2008,Port Klang,Under way using engine
2014-10-21 15:00:00,900000021,Test Vessel 03-1,37.026887,3.309647,8.92,225.29,225.29,oil_spill_geo_03.jpg,37.5616,4.318,20141021,Positive,Ships,VSL1006,Tanker,Norway,9000006,111.5,15.0,5374,106976,2008,Port Klang,Under way using engine
2014-10-21 09:00:00,900000022,Test Vessel 03-2,37.600737,4.372817,5.99,49.13,49.13,oil_spill_geo_03.jpg,37.5616,4.318,20141021,Positive,Ships,VSL1007,Tanker,Malta,9000007,73.7,11.5,30097,18528,2016,Dubai,Under way using engine
2014-10-21 09:30:00,900000022,Test Vessel 03-2,37.635669,4.421484,6.24,47.82,47.82,oil_spill_geo_03.jpg,37.5616,4.318,20141021,Positive,Ships,VSL1007,Tanker,Malta,9000007,73.7,11.5,30097,18528,2016,Dubai,Under way using engine
2014-10-21 10:00:00,900000022,Test Vessel 03-2,37.670921,4.47449,6.58,49.98,49.98,oil_spill_geo_03.jpg,37.5616,4.318,20141021,Positive,Ships,VSL1007,Tanker,Malta,9000007,73.7,11.5,30097,18528,2016,Dubai,Under way using engine
2014-10-21 10:30:00,900000022,Test Vessel 03-2,37.705678,4.525648,6.4,49.36,49.36,oil_spill_geo_03.jpg,37.5616,4.318,20141021,Positive,Ships,VSL1007,Tanker,Malta,9000007,73.7,11.5,30097,18528,2016,Dubai,Under way using engine
2014-10-21 11:00:00,900000022,Test Vessel 03-2,37.7414,4.576615,6.46,48.46,48.46,oil_spill_geo_03.jpg,37.5616,4.318,20141021,Positive,Ships,VSL1007,Tanker,Malta,9000007,73.7,11.5,30097,18528,2016,Dubai,Under way using engine
2014-10-21 11:30:00,900000022,Test Vessel 03-2,37.775144,4.625999,6.19,49.17,49.17,oil_spill_geo_03.jpg,37.5616,4.318,20141021,Positive,Ships,VSL1007,Tanker,Malta,9000007,73.7,11.5,30097,18528,2016,Dubai,Under way using engine
2014-10-21 12:00:00,900000022,Test Vessel 03-2,37.80895,4.676131,6.25,49.53,49.53,oil_spill_geo_03.jpg,37.5616,4.318,20141021,Positive,Ships,VSL1007,Tanker,Malta,9000007,73.7,11.5,30097,18528,2016,Dubai,Under way using engine
2014-10-21 12:30:00,900000022,Test Vessel 03-2,37.837285,4.737263,6.72,59.6,59.6,oil_spill_geo_03.jpg,37.5616,4.318,20141021,Positive,Ships,VSL1007,Tanker,Malta,9000007,73.7,11.5,30097,18528,2016,Dubai,Under way using engine
2014-10-21 13:00:00,900000022,Test Vessel 03-2,37.868112,4.795545,6.65,56.19,56.19,oil_spill_geo_03.jpg,37.5616,4.318,20141021,Positive,Ships,VSL1007,Tanker,Malta,9000007,73.7,11.5,30097,18528,2016,Dubai,Under way using engine
2014-10-21 13:30:00,900000022,Test Vessel 03-2,37.902687,4.848365,6.5,50.33,50.33,oil_spill_geo_03.jpg,37.5616,4.318,20141021,Positive,Ships,VSL1007,Tanker,Malta,9000007,73.7,11.5,30097,18528,2016,Dubai,Under way using engine
2014-10-21 14:00:00,900000022,Test Vessel 03-2,37.937896,4.904657,6.8,51.6,51.6,oil_spill_geo_03.jpg,37.5616,4.318,20141021,Positive,Ships,VSL1007,Tanker,Malta,9000007,73.7,11.5,30097,18528,2016,Dubai,Under way using engine
2014-10-21 14:30:00,900000022,Test Vessel 03-2,37.974419,4.957334,6.64,48.68,48.68,oil_spill_geo_03.jpg,37.5616,4.318,20141021,Positive,Ships,VSL1007,Tanker,Malta,9000007,73.7,11.5,30097,18528,2016,Dubai,Under way using engine
2014-10-21 15:00:00,900000022,Test Vessel 03-2,38.016478,5.002249,6.6,40.09,40.09,oil_spill_geo_03.jpg,37.5616,4.318,20141021,Positive,Ships,VSL1007,Tanker,Malta,9000007,73.7,11.5,30097,18528,2016,Dubai,Under way using engine
2014-10-21 09:00:00,900000023,Test Vessel 03-3,37.504474,4.278463,8.69,213.61,213.61,oil_spill_geo_03.jpg,37.5616,4.318,20141021,Positive,Ships,VSL1008,Cargo,Bahamas,9000008,299.7,33.8,78754,165496,2013,Singapore,Under way using engine
2014-10-21 09:30:00,900000023,Test Vessel 03-3,37.442447,4.239343,8.32,206.58,206.58,oil_spill_geo_03.jpg,37.5616,4.318,20141021,Positive,Ships,VSL1008,Cargo,Bahamas,9000008,299.7,33.8,78754,165496,2013,Singapore,Under way using engine
2014-10-21 10:00:00,900000023,Test Vessel 03-3,37.387896,4.191059,8.0,215.1,215.1,oil_spill_geo_03.jpg,37.5616,4.318,20141021,Positive,Ships,VSL1008,Cargo,Bahamas,9000008,299.7,33.8,78754,165496,2013,Singapore,Under way using engine
2014-10-21 10:30:00,900000023,Test Vessel 03-3,37.327281,4.145744,8.46,210.71,210.71,oil_spill_geo_03.jpg,37.5616,4.318,20141021,Positive,Ships,VSL1008,Cargo,Bahamas,9000008,299.7,33.8,78754,165496,2013,Singapore,Under way using engine
2014-10-21 11:00:00,900000023,Test Vessel 03-3,37.276965,4.088107,8.17,222.33,222.33,oil_spill_geo_03.jpg,37.5616,4.318,20141021,Positive,Ships,VSL1008,Cargo,Bahamas,9000008,299.7,33.8,78754,165496,2013,Singapore,Under way using engine
2014-10-21 11:30:00,900000023,Test Vessel 03-3,37.22495,4.031568,8.25,220.86,220.86,oil_spill_geo_03.jpg,37.5616,4.318,20141021,Positive,Ships,VSL1008,Cargo,Bahamas,9000008,299.7,33.8,78754,165496,2013,Singapore,Under way using engine
2014-10-21 12:00:00,900000023,Test Vessel 03-3,37.180111,3.969525,8.01,227.77,227.77,oil_spill_geo_03.jpg,37.5616,4.318,20141021,Positive,Ships,VSL1008,Cargo,Bahamas,9000008,299.7,33.8,78754,165496,2013,Singapore,Under way using engine
2014-10-21 12:30:00,900000023,Test Vessel 03-3,37.133324,3.907011,8.2,226.79,226.79,oil_spill_geo_03.jpg,37.5616,4.318,20141021,Positive,Ships,VSL1008,Cargo,Bahamas,9000008,299.7,33.8,78754,165496,2013,Singapore,Under way using engine
2014-10-21 13:00:00,900000023,Test Vessel 03-3,37.088589,3.84352,8.11,228.53,228.53,oil_spill_geo_03.jpg,37.5616,4.318,20141021,Positive,Ships,VSL1008,Cargo,Bahamas,9000008,299.7,33.8,78754,165496,2013,Singapore,Under way using engine
2014-10-21 13:30:00,900000023,Test Vessel 03-3,37.0453,3.783262,7.76,227.99,227.99,oil_spill_geo_03.jpg,37.5616,4.318,20141021,Positive,Ships,VSL1008,Cargo,Bahamas,9000008,299.7,33.8,78754,165496,2013,Singapore,Under way using engine
2014-10-21 14:00:00,900000023,Test Vessel 03-3,37.001596,3.724457,7.7,227.04,227.04,oil_spill_geo_03.jpg,37.5616,4.318,20141021,Positive,Ships,VSL1008,Cargo,Bahamas,9000008,299.7,33.8,78754,165496,2013,Singapore,Under way using engine
2014-10-21 14:30:00,900000023,Test Vessel 03-3,36.959433,3.665882,7.56,227.97,227.97,oil_spill_geo_03.jpg,37.5616,4.318,20141021,Positive,Ships,VSL1008,Cargo,Bahamas,9000008,299.7,33.8,78754,165496,2013,Singapore,Under way using engine
2014-10-21 15:00:00,900000023,Test Vessel 03-3,36.917473,3.603617,7.81,229.86,229.86,oil_spill_geo_03.jpg,37.5616,4.318,20141021,Positive,Ships,VSL1008,Cargo,Bahamas,9000008,299.7,33.8,78754,165496,2013,Singapore,Under way using engine
2014-10-25 09:00:00,900000031,Test Vessel 04-1,38.821483,0.572083,12.95,178.74,178.74,oil_spill_geo_04.jpg,38.9326,0.5745,20141025,Positive,Ships,VSL1009,Tanker,United Kingdom,9000009,124.5,20.8,130109,40561,2016,Mumbai,Under way using engine
2014-10-25 09:30:00,900000031,Test Vessel 04-1,38.709218,0.576224,13.48,178.35,178.35,oil_spill_geo_04.jpg,38.9326,0.5745,20141025,Positive,Ships,VSL1009,Tanker,United Kingdom,9000009,124.5,20.8,130109,40561,2016,Mumbai,Under way using engine
2014-10-25 10:00:00,900000031,Test Vessel 04-1,38.596474,0.564479,13.57,184.65,184.65,oil_spill_geo_04.jpg,38.9326,0.5745,20141025,Positive,Ships,VSL1009,Tanker,United Kingdom,9000009,124.5,20.8,130109,40561,2016,Mumbai,Under way using engine
2014-10-25 10:30:00,900000031,Test Vessel 04-1,38.485718,0.560532,13.3,181.6,181.6,oil_spill_geo_04.jpg,38.9326,0.5745,20141025,Positive,Ships,VSL1009,Tanker,United Kingdom,9000009,124.5,20.8,130109,40561,2016,Mumbai,Under way using engine
2014-10-25 11:00:00,900000031,Test Vessel 04-1,38.375057,0.544775,13.36,186.36,186.36,oil_spill_geo_04.jpg,38.9326,0.5745,20141025,Positive,Ships,VSL1009,Tanker,United Kingdom,9000009,124.5,20.8,130109,40561,2016,Mumbai,Under way using engine
2014-10-25 11:30:00,900000031,Test Vessel 04-1,38.268469,0.524988,12.93,188.28,188.28,oil_spill_geo_04.jpg,38.9326,0.5745,20141025,Positive,Ships,VSL1009,Tanker,United Kingdom,9000009,124.5,20.8,130109,40561,2016,Mumbai,Under way using engine
2014-10-25 12:00:00,900000031,Test Vessel 04-1,38.162181,0.496237,13.04,191.99,191.99,oil_spill_geo_04.jpg,38.9326,0.5745,20141025,Positive,Ships,VSL1009,Tanker,United Kingdom,9000009,124.5,20.8,130109,40561,2016,Mumbai,Under way using engine
2014-10-25 12:30:00,900000031,Test Vessel 04-1,38.055439,0.478247,12.92,187.55,187.55,oil_spill_geo_04.jpg,38.9326,0.5745,20141025,Positive,Ships,VSL1009,Tanker,United Kingdom,9000009,124.5,20.8,130109,40561,2016,Mumbai,Under way using engine
2014-10-25 13:00:00,900000031,Test Vessel 04-1,37.948867,0.45777,12.93,188.6,188.6,oil_spill_geo_04.jpg,38.9326,0.5745,20141025,Positive,Ships,VSL1009,Tanker,United Kingdom,9000009,124.5,20.8,130109,40561,2016,Mumbai,Under way using engine
2014-10-25 13:30:00,900000031,Test Vessel 04-1,37.842202,0.440119,12.91,187.43,187.43,oil_spill_geo_04.jpg,38.9326,0.5745,20141025,Positive,Ships,VSL1009,Tanker,United Kingdom,9000009,124.5,20.8,130109,40561,2016,Mumbai,Under way using engine
2014-10-25 14:00:00,900000031,Test Vessel 04-1,37.734992,0.424827,12.95,186.43,186.43,oil_spill_geo_04.jpg,38.9326,0.5745,20141025,Positive,Ships,VSL1009,Tanker,United Kingdom,9000009,124.5,20.8,130109,40561,2016,Mumbai,Under way using engine
2014-10-25 14:30:00,900000031,Test Vessel 04-1,37.634811,0.397178,12.3,192.31,192.31,oil_spill_geo_04.jpg,38.9326,0.5745,20141025,Positive,Ships,VSL1009,Tanker,United Kingdom,9000009,124.5,20.8,130109,40561,2016,Mumbai,Under way using engine
2014-10-25 15:00:00,900000031,Test Vessel 04-1,37.533921,0.37157,12.35,191.37,191.37,oil_spill_geo_04.jpg,38.9326,0.5745,20141025,Positive,Ships,VSL1009,Tanker,United Kingdom,9000009,124.5,20.8,130109,40561,2016,Mumbai,Under way using engine
2014-10-25 09:00:00,900000032,Test Vessel 04-2,38.855868,0.565343,8.37,178.95,178.95,oil_spill_geo_04.jpg,38.9326,0.5745,20141025,Positive,Ships,VSL1010,Bulk Carrier,India,9000010,139.5,22.0,69583,156413,2021,Rotterdam,Under way using engine
2014-10-25 09:30:00,900000032,Test Vessel 04-2,38.786875,0.561629,8.29,182.4,182.4,oil_spill_geo_04.jpg,38.9326,0.5745,20141025,Positive,Ships,VSL1010,Bulk Carrier,India,9000010,139.5,22.0,69583,156413,2021,Rotterdam,Under way using engine
2014-10-25 10:00:00,900000032,Test Vessel 04-2,38.720063,0.558403,8.02,182.16,182.16,oil_spill_geo_04.jpg,38.9326,0.5745,20141025,Positive,Ships,VSL1010,Bulk Carrier,India,9000010,139.5,22.0,69583,156413,2021,Rotterdam,Under way using engine
2014-10-25 10:30:00,900000032,Test Vessel 04-2,38.650501,0.557131,8.35,180.82,180.82,oil_spill_geo_04.jpg,38.9326,0.5745,20141025,Positive,Ships,VSL1010,Bulk Carrier,India,9000010,139.5,22.0,69583,156413,2021,Rotterdam,Under way using engine
2014-10-25 11:00:00,900000032,Test Vessel 04-2,38.577434,0.551986,8.78,183.15,183.15,oil_spill_geo_04.jpg,38.9326,0.5745,20141025,Positive,Ships,VSL1010,Bulk Carrier,India,9000010,139.5,22.0,69583,156413,2021,Rotterdam,Under way using engine
2014-10-25 11:30:00,900000032,Test Vessel 04-2,38.504038,0.539029,8.89,187.86,187.86,oil_spill_geo_04.jpg,38.9326,0.5745,20141025,Positive,Ships,VSL1010,Bulk Carrier,India,9000010,139.5,22.0,69583,156413,2021,Rotterdam,Under way using engine
2014-10-25 12:00:00,900000032,Test Vessel 04-2,38.431531,0.514491,9.0,194.83,194.83,oil_spill_geo_04.jpg,38.9326,0.5745,20141025,Positive,Ships,VSL1010,Bulk Carrier,India,9000010,139.5,22.0,69583,156413,2021,Rotterdam,Under way using engine
2014-10-25 12:30:00,900000032,Test Vessel 04-2,38.360842,0.484917,8.93,198.15,198.15,oil_spill_geo_04.jpg,38.9326,0.5745,20141025,Positive,Ships,VSL1010,Bulk Carrier,India,9000010,139.5,22.0,69583,156413,2021,Rotterdam,Under way using engine
2014-10-25 13:00:00,900000032,Test Vessel 04-2,38.291639,0.455539,8.75,198.41,198.41,oil_spill_geo_04.jpg,38.9326,0.5745,20141025,Positive,Ships,VSL1010,Bulk Carrier,India,9000010,139.5,22.0,69583,156413,2021,Rotterdam,Under way using engine
2014-10-25 13:30:00,900000032,Test Vessel 04-2,38.226462,0.421362,8.46,202.37,202.37,oil_spill_geo_04.jpg,38.9326,0.5745,20141025,Positive,Ships,VSL1010,Bulk Carrier,India,9000010,139.5,22.0,69583,156413,2021,Rotterdam,Under way using engine
2014-10-25 14:00:00,900000032,Test Vessel 04-2,38.163205,0.382956,8.41,205.5,205.5,oil_spill_geo_04.jpg,38.9326,0.5745,20141025,Positive,Ships,VSL1010,Bulk Carrier,India,9000010,139.5,22.0,69583,156413,2021,Rotterdam,Under way using engine
2014-10-25 14:30:00,900000032,Test Vessel 04-2,38.101272,0.337139,8.6,210.18,210.18,oil_spill_geo_04.jpg,38.9326,0.5745,20141025,Positive,Ships,VSL1010,Bulk Carrier,India,9000010,139.5,22.0,69583,156413,2021,Rotterdam,Under way using engine
2014-10-25 15:00:00,900000032,Test Vessel 04-2,38.043196,0.280577,8.78,217.47,217.47,oil_spill_geo_04.jpg,38.9326,0.5745,20141025,Positive,Ships,VSL1010,Bulk Carrier,India,9000010,139.5,22.0,69583,156413,2021,Rotterdam,Under way using engine
2014-10-25 09:00:00,900000033,Test Vessel 04-3,39.047538,0.543445,12.37,351.24,351.24,oil_spill_geo_04.jpg,38.9326,0.5745,20141025,Positive,Ships,VSL1011,Chemical Tanker,Singapore,9000011,201.8,11.9,47017,69720,2012,Fujairah,Under way using engine
2014-10-25 09:30:00,900000033,Test Vessel 04-3,39.146441,0.51741,12.11,348.45,348.45,oil_spill_geo_04.jpg,38.9326,0.5745,20141025,Positive,Ships,VSL1011,Chemical Tanker,Singapore,9000011,201.8,11.9,47017,69720,2012,Fujairah,Under way using engine
2014-10-25 10:00:00,900000033,Test Vessel 04-3,39.242907,0.492278,11.81,348.58,348.58,oil_spill_geo_04.jpg,38.9326,0.5745,20141025,Positive,Ships,VSL1011,Chemical Tanker,Singapore,9000011,201.8,11.9,47017,69720,2012,Fujairah,Under way using engine
2014-10-25 10:30:00,900000033,Test Vessel 04-3,39.338984,0.461101,11.89,345.89,345.89,oil_spill_geo_04.jpg,38.9326,0.5745,20141025,Positive,Ships,VSL1011,Chemical Tanker,Singapore,9000011,201.8,11.9,47017,69720,2012,Fujairah,Under way using engine
2014-10-25 11:00:00,900000033,Test Vessel 04-3,39.437945,0.439721,12.04,350.51,350.51,oil_spill_geo_04.jpg,38.9326,0.5745,20141025,Positive,Ships,VSL1011,Chemical Tanker,Singapore,9000011,201.8,11.9,47017,69720,2012,Fujairah,Under way using engine
2014-10-25 11:30:00,900000033,Test Vessel 04-3,39.533609,0.397911,12.12,341.35,341.35,oil_spill_geo_04.jpg,38.9326,0.5745,20141025,Positive,Ships,VSL1011,Chemical Tanker,Singapore,9000011,201.8,11.9,47017,69720,2012,Fujairah,Under way using engine
2014-10-25 12:00:00,900000033,Test Vessel 04-3,39.630254,0.356316,12.22,341.64,341.64,oil_spill_geo_04.jpg,38.9326,0.5745,20141025,Positive,Ships,VSL1011,Chemical Tanker,Singapore,9000011,201.8,11.9,47017,69720,2012,Fujairah,Under way using engine
2014-10-25 12:30:00,900000033,Test Vessel 04-3,39.725689,0.330207,11.7,348.1,348.1,oil_spill_geo_04.jpg,38.9326,0.5745,20141025,Positive,Ships,VSL1011,Chemical Tanker,Singapore,9000011,201.8,11.9,47017,69720,2012,Fujairah,Under way using engine
2014-10-25 13:00:00,900000033,Test Vessel 04-3,39.821407,0.298571,11.85,345.74,345.74,oil_spill_geo_04.jpg,38.9326,0.5745,20141025,Positive,Ships,VSL1011,Chemical Tanker,Singapore,9000011,201.8,11.9,47017,69720,2012,Fujairah,Under way using engine
2014-10-25 13:30:00,900000033,Test Vessel 04-3,39.916739,0.251943,12.22,339.41,339.41,oil_spill_geo_04.jpg,38.9326,0.5745,20141025,Positive,Ships,VSL1011,Chemical Tanker,Singapore,9000011,201.8,11.9,47017,69720,2012,Fujairah,Under way using engine
2014-10-25 14:00:00,900000033,Test Vessel 04-3,40.014627,0.207709,12.43,340.88,340.88,oil_spill_geo_04.jpg,38.9326,0.5745,20141025,Positive,Ships,VSL1011,Chemical Tanker,Singapore,9000011,201.8,11.9,47017,69720,2012,Fujairah,Under way using engine
2014-10-25 14:30:00,900000033,Test Vessel 04-3,40.112664,0.157546,12.64,338.6,338.6,oil_spill_geo_04.jpg,38.9326,0.5745,20141025,Positive,Ships,VSL1011,Chemical Tanker,Singapore,9000011,201.8,11.9,47017,69720,2012,Fujairah,Under way using engine
2014-10-25 15:00:00,900000033,Test Vessel 04-3,40.213755,0.116816,12.69,342.87,342.87,oil_spill_geo_04.jpg,38.9326,0.5745,20141025,Positive,Ships,VSL1011,Chemical Tanker,Singapore,9000011,201.8,11.9,47017,69720,2012,Fujairah,Under way using engine
2014-10-25 09:00:00,900000041,Test Vessel 05-1,38.993182,0.936776,7.93,130.5,130.5,oil_spill_geo_05.jpg,39.0282,0.879,20141025,Positive,Ships,VSL1012,Tanker,Liberia,9000012,129.5,20.2,138875,35385,2014,Colombo,Under way using engine
2014-10-25 09:30:00,900000041,Test Vessel 05-1,38.948435,0.995366,7.66,134.5,134.5,oil_spill_geo_05.jpg,39.0282,0.879,20141025,Positive,Ships,VSL1012,Tanker,Liberia,9000012,129.5,20.2,138875,35385,2014,Colombo,Under way using engine
2014-10-25 10:00:00,900000041,Test Vessel 05-1,38.901943,1.057274,8.03,134.0,134.0,oil_spill_geo_05.jpg,39.0282,0.879,20141025,Positive,Ships,VSL1012,Tanker,Liberia,9000012,129.5,20.2,138875,35385,2014,Colombo,Under way using engine
2014-10-25 10:30:00,900000041,Test Vessel 05-1,38.859137,1.120497,7.83,131.02,131.02,oil_spill_geo_05.jpg,39.0282,0.879,20141025,Positive,Ships,VSL1012,Tanker,Liberia,9000012,129.5,20.2,138875,35385,2014,Colombo,Under way using engine
2014-10-25 11:00:00,900000041,Test Vessel 05-1,38.814466,1.184582,8.04,131.83,131.83,oil_spill_geo_05.jpg,39.0282,0.879,20141025,Positive,Ships,VSL1012,Tanker,Liberia,9000012,129.5,20.2,138875,35385,2014,Colombo,Under way using engine
2014-10-25 11:30:00,900000041,Test Vessel 05-1,38.767908,1.251227,8.37,131.88,131.88,oil_spill_geo_05.jpg,39.0282,0.879,20141025,Positive,Ships,VSL1012,Tanker,Liberia,9000012,129.5,20.2,138875,35385,2014,Colombo,Under way using engine
2014-10-25 12:00:00,900000041,Test Vessel 05-1,38.717082,1.315722,8.58,135.31,135.31,oil_spill_geo_05.jpg,39.0282,0.879,20141025,Positive,Ships,VSL1012,Tanker,Liberia,9000012,129.5,20.2,138875,35385,2014,Colombo,Under way using engine
2014-10-25 12:30:00,900000041,Test Vessel 05-1,38.660773,1.381801,9.16,137.52,137.52,oil_spill_geo_05.jpg,39.0282,0.879,20141025,Positive,Ships,VSL1012,Tanker,Liberia,9000012,129.5,20.2,138875,35385,2014,Colombo,Under way using engine
2014-10-25 13:00:00,900000041,Test Vessel 05-1,38.608245,1.445188,8.66,136.7,136.7,oil_spill_geo_05.jpg,39.0282,0.879,20141025,Positive,Ships,VSL1012,Tanker,Liberia,9000012,129.5,20.2,138875,35385,2014,Colombo,Under way using engine
2014-10-25 13:30:00,900000041,Test Vessel 05-1,38.551278,1.499886,8.55,143.12,143.12,oil_spill_geo_05.jpg,39.0282,0.879,20141025,Positive,Ships,VSL1012,Tanker,Liberia,9000012,129.5,20.2,138875,35385,2014,Colombo,Under way using engine
2014-10-25 14:00:00,900000041,Test Vessel 05-1,38.491795,1.556064,8.87,143.55,143.55,oil_spill_geo_05.jpg,39.0282,0.879,20141025,Positive,Ships,VSL1012,Tanker,Liberia,9000012,129.5,20.2,138875,35385,2014,Colombo,Under way using engine
2014-10-25 14:30:00,900000041,Test Vessel 05-1,38.4395,1.618061,8.56,137.14,137.14,oil_spill_geo_05.jpg,39.0282,0.879,20141025,Positive,Ships,VSL1012,Tanker,Liberia,9000012,129.5,20.2,138875,35385,2014,Colombo,Under way using engine
2014-10-25 15:00:00,900000041,Test Vessel 05-1,38.394025,1.685474,8.36,130.74,130.74,oil_spill_geo_05.jpg,39.0282,0.879,20141025,Positive,Ships,VSL1012,Tanker,Liberia,9000012,129.5,20.2,138875,35385,2014,Colombo,Under way using engine
2014-10-25 09:00:00,900000042,Test Vessel 05-2,39.024028,0.82714,6.01,272.03,272.03,oil_spill_geo_05.jpg,39.0282,0.879,20141025,Positive,Ships,VSL1013,Fishing Vessel,Panama,9000013,73.6,10.1,48973,70441,2010,Durban,Under way using engine
2014-10-25 09:30:00,900000042,Test Vessel 05-2,39.024151,0.761453,6.12,270.14,270.14,oil_spill_geo_05.jpg,39.0282,0.879,20141025,Positive,Ships,VSL1013,Fishing Vessel,Panama,9000013,73.6,10.1,48973,70441,2010,Durban,Under way using engine
2014-10-25 10:00:00,900000042,Test Vessel 05-2,39.026788,0.695483,6.16,272.95,272.95,oil_spill_geo_05.jpg,39.0282,0.879,20141025,Positive,Ships,VSL1013,Fishing Vessel,Panama,9000013,73.6,10.1,48973,70441,2010,Durban,Under way using engine
2014-10-25 10:30:00,900000042,Test Vessel 05-2,39.032191,0.629171,6.22,275.99,275.99,oil_spill_geo_05.jpg,39.0282,0.879,20141025,Positive,Ships,VSL1013,Fishing Vessel,Panama,9000013,73.6,10.1,48973,70441,2010,Durban,Under way using engine
2014-10-25 11:00:00,900000042,Test Vessel 05-2,39.039288,0.565028,6.04,278.11,278.11,oil_spill_geo_05.jpg,39.0282,0.879,20141025,Positive,Ships,VSL1013,Fishing Vessel,Panama,9000013,73.6,10.1,48973,70441,2010,Durban,Under way using engine
2014-10-25 11:30:00,900000042,Test Vessel 05-2,39.045813,0.500246,6.09,277.39,277.39,oil_spill_geo_05.jpg,39.0282,0.879,20141025,Positive,Ships,VSL1013,Fishing Vessel,Panama,9000013,73.6,10.1,48973,70441,2010,Durban,Under way using engine
2014-10-25 12:00:00,900000042,Test Vessel 05-2,39.055056,0.437083,5.99,280.67,280.67,oil_spill_geo_05.jpg,39.0282,0.879,20141025,Positive,Ships,VSL1013,Fishing Vessel,Panama,9000013,73.6,10.1,48973,70441,2010,Durban,Under way using engine
2014-10-25 12:30:00,900000042,Test Vessel 05-2,39.065955,0.375083,5.92,282.76,282.76,oil_spill_geo_05.jpg,39.0282,0.879,20141025,Positive,Ships,VSL1013,Fishing Vessel,Panama,9000013,73.6,10.1,48973,70441,2010,Durban,Under way using engine
2014-10-25 13:00:00,900000042,Test Vessel 05-2,39.076826,0.310784,6.13,282.29,282.29,oil_spill_geo_05.jpg,39.0282,0.879,20141025,Positive,Ships,VSL1013,Fishing Vessel,Panama,9000013,73.6,10.1,48973,70441,2010,Durban,Under way using engine
2014-10-25 13:30:00,900000042,Test Vessel 05-2,39.080465,0.248625,5.81,274.31,274.31,oil_spill_geo_05.jpg,39.0282,0.879,20141025,Positive,Ships,VSL1013,Fishing Vessel,Panama,9000013,73.6,10.1,48973,70441,2010,Durban,Under way using engine
2014-10-25 14:00:00,900000042,Test Vessel 05-2,39.079238,0.192571,5.22,268.38,268.38,oil_spill_geo_05.jpg,39.0282,0.879,20141025,Positive,Ships,VSL1013,Fishing Vessel,Panama,9000013,73.6,10.1,48973,70441,2010,Durban,Under way using engine
2014-10-25 14:30:00,900000042,Test Vessel 05-2,39.075834,0.13465,5.41,265.67,265.67,oil_spill_geo_05.jpg,39.0282,0.879,20141025,Positive,Ships,VSL1013,Fishing Vessel,Panama,9000013,73.6,10.1,48973,70441,2010,Durban,Under way using engine
2014-10-25 15:00:00,900000042,Test Vessel 05-2,39.071498,0.076302,5.46,264.53,264.53,oil_spill_geo_05.jpg,39.0282,0.879,20141025,Positive,Ships,VSL1013,Fishing Vessel,Panama,9000013,73.6,10.1,48973,70441,2010,Durban,Under way using engine
2014-10-25 09:00:00,900000043,Test Vessel 05-3,39.087743,0.914076,6.84,19.87,19.87,oil_spill_geo_05.jpg,39.0282,0.879,20141025,Positive,Ships,VSL1014,Tanker,Marshall Islands,9000014,187.1,13.0,41549,50073,2007,Piraeus,Under way using engine
2014-10-25 09:30:00,900000043,Test Vessel 05-3,39.141196,0.9345,6.69,16.52,16.52,oil_spill_geo_05.jpg,39.0282,0.879,20141025,Positive,Ships,VSL1014,Tanker,Marshall Islands,9000014,187.1,13.0,41549,50073,2007,Piraeus,Under way using engine
2014-10-25 10:00:00,900000043,Test Vessel 05-3,39.19418,0.947281,6.47,10.6,10.6,oil_spill_geo_05.jpg,39.0282,0.879,20141025,Positive,Ships,VSL1014,Tanker,Marshall Islands,9000014,187.1,13.0,41549,50073,2007,Piraeus,Under way using engine
2014-10-25 10:30:00,900000043,Test Vessel 05-3,39.249049,0.958703,6.67,9.17,9.17,oil_spill_geo_05.jpg,39.0282,0.879,20141025,Positive,Ships,VSL1014,Tanker,Marshall Islands,9000014,187.1,13.0,41549,50073,2007,Piraeus,Under way using engine
2014-10-25 11:00:00,900000043,Test Vessel 05-3,39.299693,0.977515,6.32,16.05,16.05,oil_spill_geo_05.jpg,39.0282,0.879,20141025,Positive,Ships,VSL1014,Tanker,Marshall Islands,9000014,187.1,13.0,41549,50073,2007,Piraeus,Under way using engine
2014-10-25 11:30:00,900000043,Test Vessel 05-3,39.347853,0.997281,6.06,17.62,17.62,oil_spill_geo_05.jpg,39.0282,0.879,20141025,Positive,Ships,VSL1014,Tanker,Marshall Islands,9000014,187.1,13.0,41549,50073,2007,Piraeus,Under way using engine
2014-10-25 12:00:00,900000043,Test Vessel 05-3,39.395222,1.018994,6.03,19.52,19.52,oil_spill_geo_05.jpg,39.0282,0.879,20141025,Positive,Ships,VSL1014,Tanker,Marshall Islands,9000014,187.1,13.0,41549,50073,2007,Piraeus,Under way using engine
2014-10-25 12:30:00,900000043,Test Vessel 05-3,39.446236,1.03326,6.26,12.19,12.19,oil_spill_geo_05.jpg,39.0282,0.879,20141025,Positive,Ships,VSL1014,Tanker,Marshall Islands,9000014,187.1,13.0,41549,50073,2007,Piraeus,Under way using engine
2014-10-25 13:00:00,900000043,Test Vessel 05-3,39.496574,1.04449,6.13,9.77,9.77,oil_spill_geo_05.jpg,39.0282,0.879,20141025,Positive,Ships,VSL1014,Tanker,Marshall Islands,9000014,187.1,13.0,41549,50073,2007,Piraeus,Under way using engine
2014-10-25 13:30:00,900000043,Test Vessel 05-3,39.546061,1.05066,5.97,5.5,5.5,oil_spill_geo_05.jpg,39.0282,0.879,20141025,Positive,Ships,VSL1014,Tanker,Marshall Islands,9000014,187.1,13.0,41549,50073,2007,Piraeus,Under way using engine
2014-10-25 14:00:00,900000043,Test Vessel 05-3,39.594993,1.058684,5.92,7.21,7.21,oil_spill_geo_05.jpg,39.0282,0.879,20141025,Positive,Ships,VSL1014,Tanker,Marshall Islands,9000014,187.1,13.0,41549,50073,2007,Piraeus,Under way using engine
2014-10-25 14:30:00,900000043,Test Vessel 05-3,39.644516,1.068314,6.01,8.52,8.52,oil_spill_geo_05.jpg,39.0282,0.879,20141025,Positive,Ships,VSL1014,Tanker,Marshall Islands,9000014,187.1,13.0,41549,50073,2007,Piraeus,Under way using engine
2014-10-25 15:00:00,900000043,Test Vessel 05-3,39.692451,1.08361,5.92,13.8,13.8,oil_spill_geo_05.jpg,39.0282,0.879,20141025,Positive,Ships,VSL1014,Tanker,Marshall Islands,9000014,187.1,13.0,41549,50073,2007,Piraeus,Under way using engine
2014-10-25 09:00:00,900000051,Test Vessel 06-1,39.476048,0.857819,13.43,235.26,235.26,oil_spill_geo_06.jpg,39.5375,0.9711,20141025,Positive,Ships,VSL1015,Tanker,Greece,9000015,165.3,21.4,3467,54219,2008,Houston,Under way using engine
2014-10-25 09:30:00,900000051,Test Vessel 06-1,39.41228,0.732279,13.92,236.65,236.65,oil_spill_geo_06.jpg,39.5375,0.9711,20141025,Positive,Ships,VSL1015,Tanker,Greece,9000015,165.3,21.4,3467,54219,2008,Houston,Under way using engine
2014-10-25 10:00:00,900000051,Test Vessel 06-1,39.363121,0.596075,13.94,244.96,244.96,oil_spill_geo_06.jpg,39.5375,0.9711,20141025,Positive,Ships,VSL1015,Tanker,Greece,9000015,165.3,21.4,3467,54219,2008,Houston,Under way using engine
2014-10-25 10:30:00,900000051,Test Vessel 06-1,39.314216,0.456623,14.21,245.6,245.6,oil_spill_geo_06.jpg,39.5375,0.9711,20141025,Positive,Ships,VSL1015,Tanker,Greece,9000015,165.3,21.4,3467,54219,2008,Houston,Under way using engine
2014-10-25 11:00:00,900000051,Test Vessel 06-1,39.258712,0.320447,14.29,242.22,242.22,oil_spill_geo_06.jpg,39.5375,0.9711,20141025,Positive,Ships,VSL1015,Tanker,Greece,9000015,165.3,21.4,3467,54219,2008,Houston,Under way using engine
2014-10-25 11:30:00,900000051,Test Vessel 06-1,39.202711,0.183763,14.37,242.12,242.12,oil_spill_geo_06.jpg,39.5375,0.9711,20141025,Positive,Ships,VSL1015,Tanker,Greece,9000015,165.3,21.4,3467,54219,2008,Houston,Under way using engine
2014-10-25 12:00:00,900000051,Test Vessel 06-1,39.142368,0.055275,13.97,238.78,238.78,oil_spill_geo_06.jpg,39.5375,0.9711,20141025,Positive,Ships,VSL1015,Tanker,Greece,9000015,165.3,21.4,3467,54219,2008,Houston,Under way using engine
2014-10-25 12:30:00,900000051,Test Vessel 06-1,39.069777,-0.058224,13.69,230.49,230.49,oil_spill_geo_06.jpg,39.5375,0.9711,20141025,Positive,Ships,VSL1015,Tanker,Greece,9000015,165.3,21.4,3467,54219,2008,Houston,Under way using engine
2014-10-25 13:00:00,900000051,Test Vessel 06-1,38.994808,-0.167964,13.62,228.66,228.66,oil_spill_geo_06.jpg,39.5375,0.9711,20141025,Positive,Ships,VSL1015,Tanker,Greece,9000015,165.3,21.4,3467,54219,2008,Houston,Under way using engine
2014-10-25 13:30:00,900000051,Test Vessel 06-1,38.930737,-0.292062,13.89,236.4,236.4,oil_spill_geo_06.jpg,39.5375,0.9711,20141025,Positive,Ships,VSL1015,Tanker,Greece,9000015,165.3,21.4,3467,54219,2008,Houston,Under way using engine
2014-10-25 14:00:00,900000051,Test Vessel 06-1,38.859897,-0.41098,13.98,232.56,232.56,oil_spill_geo_06.jpg,39.5375,0.9711,20141025,Positive,Ships,VSL1015,Tanker,Greece,9000015,165.3,21.4,3467,54219,2008,Houston,Under way using engine
2014-10-25 14:30:00,900000051,Test Vessel 06-1,38.78683,-0.526555,13.91,230.93,230.93,oil_spill_geo_06.jpg,39.5375,0.9711,20141025,Positive,Ships,VSL1015,Tanker,Greece,9000015,165.3,21.4,3467,54219,2008,Houston,Under way using engine
2014-10-25 15:00:00,900000051,Test Vessel 06-1,38.714133,-0.644513,14.07,231.67,231.67,oil_spill_geo_06.jpg,39.5375,0.9711,20141025,Positive,Ships,VSL1015,Tanker,Greece,9000015,165.3,21.4,3467,54219,2008,Houston,Under way using engine
2014-10-25 09:00:00,900000052,Test Vessel 06-2,39.4598,1.001106,10.69,165.7,165.7,oil_spill_geo_06.jpg,39.5375,0.9711,20141025,Positive,Ships,VSL1016,Container Ship,Norway,9000016,278.8,33.4,14784,51564,2009,Port Klang,Under way using engine
2014-10-25 09:30:00,900000052,Test Vessel 06-2,39.371523,1.018329,10.71,171.43,171.43,oil_spill_geo_06.jpg,39.5375,0.9711,20141025,Positive,Ships,VSL1016,Container Ship,Norway,9000016,278.8,33.4,14784,51564,2009,Port Klang,Under way using engine
2014-10-25 10:00:00,900000052,Test Vessel 06-2,39.282897,1.03087,10.7,173.76,173.76,oil_spill_geo_06.jpg,39.5375,0.9711,20141025,Positive,Ships,VSL1016,Container Ship,Norway,9000016,278.8,33.4,14784,51564,2009,Port Klang,Under way using engine
2014-10-25 10:30:00,900000052,Test Vessel 06-2,39.196005,1.044503,10.5,173.08,173.08,oil_spill_geo_06.jpg,39.5375,0.9711,20141025,Positive,Ships,VSL1016,Container Ship,Norway,9000016,278.8,33.4,14784,51564,2009,Port Klang,Under way using engine
2014-10-25 11:00:00,900000052,Test Vessel 06-2,39.110601,1.054538,10.29,174.8,174.8,oil_spill_geo_06.jpg,39.5375,0.9711,20141025,Positive,Ships,VSL1016,Container Ship,Norway,9000016,278.8,33.4,14784,51564,2009,Port Klang,Under way using engine
2014-10-25 11:30:00,900000052,Test Vessel 06-2,39.02267,1.059567,10.56,177.46,177.46,oil_spill_geo_06.jpg,39.5375,0.9711,20141025,Positive,Ships,VSL1016,Container Ship,Norway,9000016,278.8,33.4,14784,51564,2009,Port Klang,Under way using engine
2014-10-25 12:00:00,900000052,Test Vessel 06-2,38.935264,1.061678,10.49,178.93,178.93,oil_spill_geo_06.jpg,39.5375,0.9711,20141025,Positive,Ships,VSL1016,Container Ship,Norway,9000016,278.8,33.4,14784,51564,2009,Port Klang,Under way using engine
2014-10-25 12:30:00,900000052,Test Vessel 06-2,38.848493,1.060235,10.41,180.74,180.74,oil_spill_geo_06.jpg,39.5375,0.9711,20141025,Positive,Ships,VSL1016,Container Ship,Norway,9000016,278.8,33.4,14784,51564,2009,Port Klang,Under way using engine
2014-10-25 13:00:00,900000052,Test Vessel 06-2,38.765784,1.051908,9.96,184.48,184.48,oil_spill_geo_06.jpg,39.5375,0.9711,20141025,Positive,Ships,VSL1016,Container Ship,Norway,9000016,278.8,33.4,14784,51564,2009,Port Klang,Under way using engine
2014-10-25 13:30:00,900000052,Test Vessel 06-2,38.687087,1.04637,9.46,183.14,183.14,oil_spill_geo_06.jpg,39.5375,0.9711,20141025,Positive,Ships,VSL1016,Container Ship,Norway,9000016,278.8,33.4,14784,51564,2009,Port Klang,Under way using engine
2014-10-25 14:00:00,900000052,Test Vessel 06-2,38.60553,1.051552,9.8,177.16,177.16,oil_spill_geo_06.jpg,39.5375,0.9711,20141025,Positive,Ships,VSL1016,Container Ship,Norway,9000016,278.8,33.4,14784,51564,2009,Port Klang,Under way using engine
2014-10-25 14:30:00,900000052,Test Vessel 06-2,38.525379,1.050224,9.62,180.74,180.74,oil_spill_geo_06.jpg,39.5375,0.9711,20141025,Positive,Ships,VSL1016,Container Ship,Norway,9000016,278.8,33.4,14784,51564,2009,Port Klang,Under way using engine
2014-10-25 15:00:00,900000052,Test Vessel 06-2,38.45171,1.058908,8.88,174.73,174.73,oil_spill_geo_06.jpg,39.5375,0.9711,20141025,Positive,Ships,VSL1016,Container Ship,Norway,9000016,278.8,33.4,14784,51564,2009,Port Klang,Under way using engine
2014-10-25 09:00:00,900000053,Test Vessel 06-3,39.56178,0.907069,7.41,279.82,279.82,oil_spill_geo_06.jpg,39.5375,0.9711,20141025,Positive,Ships,VSL1017,Bulk Carrier,Malta,9000017,194.9,29.0,122220,74261,2012,Dubai,Under way using engine
2014-10-25 09:30:00,900000053,Test Vessel 06-3,39.571074,0.827629,7.43,278.63,278.63,oil_spill_geo_06.jpg,39.5375,0.9711,20141025,Positive,Ships,VSL1017,Bulk Carrier,Malta,9000017,194.9,29.0,122220,74261,2012,Dubai,Under way using engine
2014-10-25 10:00:00,900000053,Test Vessel 06-3,39.580237,0.745993,7.63,278.28,278.28,oil_spill_geo_06.jpg,39.5375,0.9711,20141025,Positive,Ships,VSL1017,Bulk Carrier,Malta,9000017,194.9,29.0,122220,74261,2012,Dubai,Under way using engine
2014-10-25 10:30:00,900000053,Test Vessel 06-3,39.591144,0.662875,7.8,279.66,279.66,oil_spill_geo_06.jpg,39.5375,0.9711,20141025,Positive,Ships,VSL1017,Bulk Carrier,Malta,9000017,194.9,29.0,122220,74261,2012,Dubai,Under way using engine
2014-10-25 11:00:00,900000053,Test Vessel 06-3,39.599187,0.57675,8.02,276.91,276.91,oil_spill_geo_06.jpg,39.5375,0.9711,20141025,Positive,Ships,VSL1017,Bulk Carrier,Malta,9000017,194.9,29.0,122220,74261,2012,Dubai,Under way using engine
2014-10-25 11:30:00,900000053,Test Vessel 06-3,39.61424,0.494908,7.78,283.43,283.43,oil_spill_geo_06.jpg,39.5375,0.9711,20141025,Positive,Ships,VSL1017,Bulk Carrier,Malta,9000017,194.9,29.0,122220,74261,2012,Dubai,Under way using engine
2014-10-25 12:00:00,900000053,Test Vessel 06-3,39.625835,0.408435,8.11,279.87,279.87,oil_spill_geo_06.jpg,39.5375,0.9711,20141025,Positive,Ships,VSL1017,Bulk Carrier,Malta,9000017,194.9,29.0,122220,74261,2012,Dubai,Under way using engine
2014-10-25 12:30:00,900000053,Test Vessel 06-3,39.637003,0.318006,8.46,279.11,279.11,oil_spill_geo_06.jpg,39.5375,0.9711,20141025,Positive,Ships,VSL1017,Bulk Carrier,Malta,9000017,194.9,29.0,122220,74261,2012,Dubai,Under way using engine
2014-10-25 13:00:00,900000053,Test Vessel 06-3,39.646401,0.223253,8.83,277.34,277.34,oil_spill_geo_06.jpg,39.5375,0.9711,20141025,Positive,Ships,VSL1017,Bulk Carrier,Malta,9000017,194.9,29.0,122220,74261,2012,Dubai,Under way using engine
2014-10-25 13:30:00,900000053,Test Vessel 06-3,39.656542,0.127911,8.89,277.86,277.86,oil_spill_geo_06.jpg,39.5375,0.9711,20141025,Positive,Ships,VSL1017,Bulk Carrier,Malta,9000017,194.9,29.0,122220,74261,2012,Dubai,Under way using engine
2014-10-25 14:00:00,900000053,Test Vessel 06-3,39.674442,0.035509,8.8,284.12,284.12,oil_spill_geo_06.jpg,39.5375,0.9711,20141025,Positive,Ships,VSL1017,Bulk Carrier,Malta,9000017,194.9,29.0,122220,74261,2012,Dubai,Under way using engine
2014-10-25 14:30:00,900000053,Test Vessel 06-3,39.687465,-0.05705,8.69,280.36,280.36,oil_spill_geo_06.jpg,39.5375,0.9711,20141025,Positive,Ships,VSL1017,Bulk Carrier,Malta,9000017,194.9,29.0,122220,74261,2012,Dubai,Under way using engine
2014-10-25 15:00:00,900000053,Test Vessel 06-3,39.702043,-0.144903,8.3,282.17,282.17,oil_spill_geo_06.jpg,39.5375,0.9711,20141025,Positive,Ships,VSL1017,Bulk Carrier,Malta,9000017,194.9,29.0,122220,74261,2012,Dubai,Under way using engine
2014-10-28 09:00:00,900000061,Test Vessel 07-1,37.544992,8.197807,9.02,207.97,207.97,oil_spill_geo_07.jpg,37.6176,8.2426,20141028,Positive,Platforms,VSL1018,Tanker,Bahamas,9000018,179.4,18.8,66654,8891,2011,Singapore,Under way using engine
2014-10-28 09:30:00,900000061,Test Vessel 07-1,37.476232,8.157976,9.08,204.67,204.67,oil_spill_geo_07.jpg,37.6176,8.2426,20141028,Positive,Platforms,VSL1018,Tanker,Bahamas,9000018,179.4,18.8,66654,8891,2011,Singapore,Under way using engine
2014-10-28 10:00:00,900000061,Test Vessel 07-1,37.407565,8.119538,9.02,203.95,203.95,oil_spill_geo_07.jpg,37.6176,8.2426,20141028,Positive,Platforms,VSL1018,Tanker,Bahamas,9000018,179.4,18.8,66654,8891,2011,Singapore,Under way using engine
2014-10-28 10:30:00,900000061,Test Vessel 07-1,37.338173,8.081888,9.07,203.32,203.32,oil_spill_geo_07.jpg,37.6176,8.2426,20141028,Positive,Platforms,VSL1018,Tanker,Bahamas,9000018,179.4,18.8,66654,8891,2011,Singapore,Under way using engine
2014-10-28 11:00:00,900000061,Test Vessel 07-1,37.26546,8.049895,9.24,199.28,199.28,oil_spill_geo_07.jpg,37.6176,8.2426,20141028,Positive,Platforms,VSL1018,Tanker,Bahamas,9000018,179.4,18.8,66654,8891,2011,Singapore,Under way using engine
2014-10-28 11:30:00,900000061,Test Vessel 07-1,37.193257,8.013364,9.34,201.93,201.93,oil_spill_geo_07.jpg,37.6176,8.2426,20141028,Positive,Platforms,VSL1018,Tanker,Bahamas,9000018,179.4,18.8,66654,8891,2011,Singapore,Under way using engine
2014-10-28 12:00:00,900000061,Test Vessel 07-1,37.121673,7.973058,9.41,204.16,204.16,oil_spill_geo_07.jpg,37.6176,8.2426,20141028,Positive,Platforms,VSL1018,Tanker,Bahamas,9000018,179.4,18.8,66654,8891,2011,Singapore,Under way using engine
2014-10-28 12:30:00,900000061,Test Vessel 07-1,37.055511,7.920606,9.39,212.3,212.3,oil_spill_geo_07.jpg,37.6176,8.2426,20141028,Positive,Platforms,VSL1018,Tanker,Bahamas,9000018,179.4,18.8,66654,8891,2011,Singapore,Under way using engine
2014-10-28 13:00:00,900000061,Test Vessel 07-1,36.989813,7.871003,9.2,211.07,211.07,oil_spill_geo_07.jpg,37.6176,8.2426,20141028,Positive,Platforms,VSL1018,Tanker,Bahamas,9000018,179.4,18.8,66654,8891,2011,Singapore,Under way using engine
2014-10-28 13:30:00,900000061,Test Vessel 07-1,36.923745,7.828966,8.89,206.94,206.94,oil_spill_geo_07.jpg,37.6176,8.2426,20141028,Positive,Platforms,VSL1018,Tanker,Bahamas,9000018,179.4,18.8,66654,8891,2011,Singapore,Under way using engine
2014-10-28 14:00:00,900000061,Test Vessel 07-1,36.855858,7.792243,8.88,203.39,203.39,oil_spill_geo_07.jpg,37.6176,8.2426,20141028,Positive,Platforms,VSL1018,Tanker,Bahamas,9000018,179.4,18.8,66654,8891,2011,Singapore,Under way using engine
2014-10-28 14:30:00,900000061,Test Vessel 07-1,36.788578,7.753527,8.89,204.72,204.72,oil_spill_geo_07.jpg,37.6176,8.2426,20141028,Positive,Platforms,VSL1018,Tanker,Bahamas,9000018,179.4,18.8,66654,8891,2011,Singapore,Under way using engine
2014-10-28 15:00:00,900000061,Test Vessel 07-1,36.717996,7.718525,9.11,201.66,201.66,oil_spill_geo_07.jpg,37.6176,8.2426,20141028,Positive,Platforms,VSL1018,Tanker,Bahamas,9000018,179.4,18.8,66654,8891,2011,Singapore,Under way using engine
2014-10-28 09:00:00,900000062,Test Vessel 07-2,37.673648,8.189271,8.67,334.64,334.64,oil_spill_geo_07.jpg,37.6176,8.2426,20141028,Positive,Platforms,VSL1019,Offshore Supply Vessel,United Kingdom,9000019,225.9,39.0,71994,76162,2008,Mumbai,Under way using engine
2014-10-28 09:30:00,900000062,Test Vessel 07-2,37.739293,8.149473,8.74,334.37,334.37,oil_spill_geo_07.jpg,37.6176,8.2426,20141028,Positive,Platforms,VSL1019,Offshore Supply Vessel,United Kingdom,9000019,225.9,39.0,71994,76162,2008,Mumbai,Under way using engine
2014-10-28 10:00:00,900000062,Test Vessel 07-2,37.803176,8.104264,8.78,330.77,330.77,oil_spill_geo_07.jpg,37.6176,8.2426,20141028,Positive,Platforms,VSL1019,Offshore Supply Vessel,United Kingdom,9000019,225.9,39.0,71994,76162,2008,Mumbai,Under way using engine
2014-10-28 10:30:00,900000062,Test Vessel 07-2,37.865384,8.049028,9.12,324.95,324.95,oil_spill_geo_07.jpg,37.6176,8.2426,20141028,Positive,Platforms,VSL1019,Offshore Supply Vessel,United Kingdom,9000019,225.9,39.0,71994,76162,2008,Mumbai,Under way using engine
2014-10-28 11:00:00,900000062,Test Vessel 07-2,37.930698,8.001146,9.06,329.94,329.94,oil_spill_geo_07.jpg,37.6176,8.2426,20141028,Positive,Platforms,VSL1019,Offshore Supply Vessel,United Kingdom,9000019,225.9,39.0,71994,76162,2008,Mumbai,Under way using engine
2014-10-28 11:30:00,900000062,Test Vessel 07-2,37.992542,7.958385,8.45,331.39,331.39,oil_spill_geo_07.jpg,37.6176,8.2426,20141028,Positive,Platforms,VSL1019,Offshore Supply Vessel,United Kingdom,9000019,225.9,39.0,71994,76162,2008,Mumbai,Under way using engine
2014-10-28 12:00:00,900000062,Test Vessel 07-2,38.050954,7.909824,8.38,326.77,326.77,oil_spill_geo_07.jpg,37.6176,8.2426,20141028,Positive,Platforms,VSL1019,Offshore Supply Vessel,United Kingdom,9000019,225.9,39.0,71994,76162,2008,Mumbai,Under way using engine
2014-10-28 12:30:00,900000062,Test Vessel 07-2,38.10752,7.854663,8.56,322.48,322.48,oil_spill_geo_07.jpg,37.6176,8.2426,20141028,Positive,Platforms,VSL1019,Offshore Supply Vessel,United Kingdom,9000019,225.9,39.0,71994,76162,2008,Mumbai,Under way using engine
2014-10-28 13:00:00,900000062,Test Vessel 07-2,38.167442,7.811523,8.26,330.47,330.47,oil_spill_geo_07.jpg,37.6176,8.2426,20141028,Positive,Platforms,VSL1019,Offshore Supply Vessel,United Kingdom,9000019,225.9,39.0,71994,76162,2008,Mumbai,Under way using engine
2014-10-28 13:30:00,900000062,Test Vessel 07-2,38.225689,7.763628,8.32,327.12,327.12,oil_spill_geo_07.jpg,37.6176,8.2426,20141028,Positive,Platforms,VSL1019,Offshore Supply Vessel,United Kingdom,9000019,225.9,39.0,71994,76162,2008,Mumbai,Under way using engine
2014-10-28 14:00:00,900000062,Test Vessel 07-2,38.285515,7.725763,8.02,333.56,333.56,oil_spill_geo_07.jpg,37.6176,8.2426,20141028,Positive,Platforms,VSL1019,Offshore Supply Vessel,United Kingdom,9000019,225.9,39.0,71994,76162,2008,Mumbai,Under way using engine
2014-10-28 14:30:00,900000062,Test Vessel 07-2,38.349275,7.687122,8.47,334.56,334.56,oil_spill_geo_07.jpg,37.6176,8.2426,20141028,Positive,Platforms,VSL1019,Offshore Supply Vessel,United Kingdom,9000019,225.9,39.0,71994,76162,2008,Mumbai,Under way using engine
2014-10-28 15:00:00,900000062,Test Vessel 07-2,38.40686,7.641154,8.15,327.95,327.95,oil_spill_geo_07.jpg,37.6176,8.2426,20141028,Positive,Platforms,VSL1019,Offshore Supply Vessel,United Kingdom,9000019,225.9,39.0,71994,76162,2008,Mumbai,Under way using engine
2014-10-28 09:00:00,900000063,Test Vessel 07-3,37.701751,8.221406,9.31,347.69,347.69,oil_spill_geo_07.jpg,37.6176,8.2426,20141028,Positive,Platforms,VSL1020,Fishing Vessel,India,9000020,191.4,22.7,77489,76503,2011,Rotterdam,Under way using engine
2014-10-28 09:30:00,900000063,Test Vessel 07-3,37.779422,8.195807,9.63,345.38,345.38,oil_spill_geo_07.jpg,37.6176,8.2426,20141028,Positive,Platforms,VSL1020,Fishing Vessel,India,9000020,191.4,22.7,77489,76503,2011,Rotterdam,Under way using engine
2014-10-28 10:00:00,900000063,Test Vessel 07-3,37.854864,8.166395,9.47,342.87,342.87,oil_spill_geo_07.jpg,37.6176,8.2426,20141028,Positive,Platforms,VSL1020,Fishing Vessel,India,9000020,191.4,22.7,77489,76503,2011,Rotterdam,Under way using engine
2014-10-28 10:30:00,900000063,Test Vessel 07-3,37.932665,8.140063,9.66,345.04,345.04,oil_spill_geo_07.jpg,37.6176,8.2426,20141028,Positive,Platforms,VSL1020,Fishing Vessel,India,9000020,191.4,22.7,77489,76503,2011,Rotterdam,Under way using engine
2014-10-28 11:00:00,900000063,Test Vessel 07-3,38.00766,8.117816,9.24,346.83,346.83,oil_spill_geo_07.jpg,37.6176,8.2426,20141028,Positive,Platforms,VSL1020,Fishing Vessel,India,9000020,191.4,22.7,77489,76503,2011,Rotterdam,Under way using engine
2014-10-28 11:30:00,900000063,Test Vessel 07-3,38.081146,8.099659,8.98,348.98,348.98,oil_spill_geo_07.jpg,37.6176,8.2426,20141028,Positive,Platforms,VSL1020,Fishing Vessel,India,9000020,191.4,22.7,77489,76503,2011,Rotterdam,Under way using engine
2014-10-28 12:00:00,900000063,Test Vessel 07-3,38.151936,8.083679,8.63,349.92,349.92,oil_spill_geo_07.jpg,37.6176,8.2426,20141028,Positive,Platforms,VSL1020,Fishing Vessel,India,9000020,191.4,22.7,77489,76503,2011,Rotterdam,Under way using engine
2014-10-28 12:30:00,900000063,Test Vessel 07-3,38.221421,8.070803,8.43,351.71,351.71,oil_spill_geo_07.jpg,37.6176,8.2426,20141028,Positive,Platforms,VSL1020,Fishing Vessel,India,9000020,191.4,22.7,77489,76503,2011,Rotterdam,Under way using engine
2014-10-28 13:00:00,900000063,Test Vessel 07-3,38.291168,8.049619,8.6,346.58,346.58,oil_spill_geo_07.jpg,37.6176,8.2426,20141028,Positive,Platforms,VSL1020,Fishing Vessel,India,9000020,191.4,22.7,77489,76503,2011,Rotterdam,Under way using engine
2014-10-28 13:30:00,900000063,Test Vessel 07-3,38.359938,8.030267,8.45,347.55,347.55,oil_spill_geo_07.jpg,37.6176,8.2426,20141028,Positive,Platforms,VSL1020,Fishing Vessel,India,9000020,191.4,22.7,77489,76503,2011,Rotterdam,Under way using engine
2014-10-28 14:00:00,900000063,Test Vessel 07-3,38.428979,8.020002,8.34,353.35,353.35,oil_spill_geo_07.jpg,37.6176,8.2426,20141028,Positive,Platforms,VSL1020,Fishing Vessel,India,9000020,191.4,22.7,77489,76503,2011,Rotterdam,Under way using engine
2014-10-28 14:30:00,900000063,Test Vessel 07-3,38.498594,8.009844,8.41,353.48,353.48,oil_spill_geo_07.jpg,37.6176,8.2426,20141028,Positive,Platforms,VSL1020,Fishing Vessel,India,9000020,191.4,22.7,77489,76503,2011,Rotterdam,Under way using engine
2014-10-28 15:00:00,900000063,Test Vessel 07-3,38.56877,7.995642,8.53,351.0,351.0,oil_spill_geo_07.jpg,37.6176,8.2426,20141028,Positive,Platforms,VSL1020,Fishing Vessel,India,9000020,191.4,22.7,77489,76503,2011,Rotterdam,Under way using engine
2014-11-14 09:00:00,900000071,Test Vessel 08-1,37.12026,4.995318,7.54,232.13,232.13,oil_spill_geo_08.jpg,37.1618,5.0457,20141114,Positive,Ships,VSL1021,Tanker,Singapore,9000021,87.6,12.8,88082,71408,2013,Fujairah,Under way using engine
2014-11-14 09:30:00,900000071,Test Vessel 08-1,37.091464,4.926454,7.44,242.33,242.33,oil_spill_geo_08.jpg,37.1618,5.0457,20141114,Positive,Ships,VSL1021,Tanker,Singapore,9000021,87.6,12.8,88082,71408,2013,Fujairah,Under way using engine
2014-11-14 10:00:00,900000071,Test Vessel 08-1,37.055904,4.863771,7.36,234.58,234.58,oil_spill_geo_08.jpg,37.1618,5.0457,20141114,Positive,Ships,VSL1021,Tanker,Singapore,9000021,87.6,12.8,88082,71408,2013,Fujairah,Under way using engine
2014-11-14 10:30:00,900000071,Test Vessel 08-1,37.019587,4.802419,7.32,233.43,233.43,oil_spill_geo_08.jpg,37.1618,5.0457,20141114,Positive,Ships,VSL1021,Tanker,Singapore,9000021,87.6,12.8,88082,71408,2013,Fujairah,Under way using engine
2014-11-14 11:00:00,900000071,Test Vessel 08-1,36.978786,4.743673,7.46,228.98,228.98,oil_spill_geo_08.jpg,37.1618,5.0457,20141114,Positive,Ships,VSL1021,Tanker,Singapore,9000021,87.6,12.8,88082,71408,2013,Fujairah,Under way using engine
2014-11-14 11:30:00,900000071,Test Vessel 08-1,36.941685,4.686159,7.09,231.08,231.08,oil_spill_geo_08.jpg,37.1618,5.0457,20141114,Positive,Ships,VSL1021,Tanker,Singapore,9000021,87.6,12.8,88082,71408,2013,Fujairah,Under way using engine
2014-11-14 12:00:00,900000071,Test Vessel 08-1,36.904349,4.622155,7.6,233.88,233.88,oil_spill_geo_08.jpg,37.1618,5.0457,20141114,Positive,Ships,VSL1021,Tanker,Singapore,9000021,87.6,12.8,88082,71408,2013,Fujairah,Under way using engine
2014-11-14 12:30:00,900000071,Test Vessel 08-1,36.868038,4.558343,7.52,234.56,234.56,oil_spill_geo_08.jpg,37.1618,5.0457,20141114,Positive,Ships,VSL1021,Tanker,Singapore,9000021,87.6,12.8,88082,71408,2013,Fujairah,Under way using engine
2014-11-14 13:00:00,900000071,Test Vessel 08-1,36.830469,4.493718,7.67,234.0,234.0,oil_spill_geo_08.jpg,37.1618,5.0457,20141114,Positive,Ships,VSL1021,Tanker,Singapore,9000021,87.6,12.8,88082,71408,2013,Fujairah,Under way using engine
2014-11-14 13:30:00,900000071,Test Vessel 08-1,36.786708,4.43494,7.71,227.07,227.07,oil_spill_geo_08.jpg,37.1618,5.0457,20141114,Positive,Ships,VSL1021,Tanker,Singapore,9000021,87.6,12.8,88082,71408,2013,Fujairah,Under way using engine
2014-11-14 14:00:00,900000071,Test Vessel 08-1,36.738985,4.374277,8.17,225.51,225.51,oil_spill_geo_08.jpg,37.1618,5.0457,20141114,Positive,Ships,VSL1021,Tanker,Singapore,9000021,87.6,12.8,88082,71408,2013,Fujairah,Under way using engine
2014-11-14 14:30:00,900000071,Test Vessel 08-1,36.688209,4.311324,8.59,224.81,224.81,oil_spill_geo_08.jpg,37.1618,5.0457,20141114,Positive,Ships,VSL1021,Tanker,Singapore,9000021,87.6,12.8,88082,71408,2013,Fujairah,Under way using engine
2014-11-14 15:00:00,900000071,Test Vessel 08-1,36.632768,4.252485,8.74,220.4,220.4,oil_spill_geo_08.jpg,37.1618,5.0457,20141114,Positive,Ships,VSL1021,Tanker,Singapore,9000021,87.6,12.8,88082,71408,2013,Fujairah,Under way using engine
2014-11-14 09:00:00,900000072,Test Vessel 08-2,37.103872,4.985546,7.67,227.14,227.14,oil_spill_geo_08.jpg,37.1618,5.0457,20141114,Positive,Ships,VSL1022,Cargo,Liberia,9000022,256.0,25.5,32648,57990,2009,Colombo,Under way using engine
2014-11-14 09:30:00,900000072,Test Vessel 08-2,37.061637,4.928619,7.44,227.07,227.07,oil_spill_geo_08.jpg,37.1618,5.0457,20141114,Positive,Ships,VSL1022,Cargo,Liberia,9000022,256.0,25.5,32648,57990,2009,Colombo,Under way using engine
2014-11-14 10:00:00,900000072,Test Vessel 08-2,37.018447,4.873158,7.42,225.7,225.7,oil_spill_geo_08.jpg,37.1618,5.0457,20141114,Positive,Ships,VSL1022,Cargo,Liberia,9000022,256.0,25.5,32648,57990,2009,Colombo,Under way using engine
2014-11-14 10:30:00,900000072,Test Vessel 08-2,36.972927,4.827193,7.02,218.88,218.88,oil_spill_geo_08.jpg,37.1618,5.0457,20141114,Positive,Ships,VSL1022,Cargo,Liberia,9000022,256.0,25.5,32648,57990,2009,Colombo,Under way using engine
2014-11-14 11:00:00,900000072,Test Vessel 08-2,36.929491,4.780255,6.89,220.81,220.81,oil_spill_geo_08.jpg,37.1618,5.0457,20141114,Positive,Ships,VSL1022,Cargo,Liberia,9000022,256.0,25.5,32648,57990,2009,Colombo,Under way using engine
2014-11-14 11:30:00,900000072,Test Vessel 08-2,36.878663,4.742731,7.08,210.55,210.55,oil_spill_geo_08.jpg,37.1618,5.0457,20141114,Positive,Ships,VSL1022,Cargo,Liberia,9000022,256.0,25.5,32648,57990,2009,Colombo,Under way using engine
2014-11-14 12:00:00,900000072,Test Vessel 08-2,36.829681,4.705006,6.9,211.64,211.64,oil_spill_geo_08.jpg,37.1618,5.0457,20141114,Positive,Ships,VSL1022,Cargo,Liberia,9000022,256.0,25.5,32648,57990,2009,Colombo,Under way using engine
2014-11-14 12:30:00,900000072,Test Vessel 08-2,36.776575,4.672117,7.11,206.37,206.37,oil_spill_geo_08.jpg,37.1618,5.0457,20141114,Positive,Ships,VSL1022,Cargo,Liberia,9000022,256.0,25.5,32648,57990,2009,Colombo,Under way using engine
2014-11-14 13:00:00,900000072,Test Vessel 08-2,36.719735,4.634756,7.71,207.77,207.77,oil_spill_geo_08.jpg,37.1618,5.0457,20141114,Positive,Ships,VSL1022,Cargo,Liberia,9000022,256.0,25.5,32648,57990,2009,Colombo,Under way using engine
2014-11-14 13:30:00,900000072,Test Vessel 08-2,36.663093,4.594863,7.81,209.45,209.45,oil_spill_geo_08.jpg,37.1618,5.0457,20141114,Positive,Ships,VSL1022,Cargo,Liberia,9000022,256.0,25.5,32648,57990,2009,Colombo,Under way using engine
2014-11-14 14:00:00,900000072,Test Vessel 08-2,36.604592,4.554804,8.01,208.78,208.78,oil_spill_geo_08.jpg,37.1618,5.0457,20141114,Positive,Ships,VSL1022,Cargo,Liberia,9000022,256.0,25.5,32648,57990,2009,Colombo,Under way using engine
2014-11-14 14:30:00,900000072,Test Vessel 08-2,36.545319,4.509948,8.32,211.28,211.28,oil_spill_geo_08.jpg,37.1618,5.0457,20141114,Positive,Ships,VSL1022,Cargo,Liberia,9000022,256.0,25.5,32648,57990,2009,Colombo,Under way using engine
2014-11-14 15:00:00,900000072,Test Vessel 08-2,36.485567,4.468391,8.21,209.19,209.19,oil_spill_geo_08.jpg,37.1618,5.0457,20141114,Positive,Ships,VSL1022,Cargo,Liberia,9000022,256.0,25.5,32648,57990,2009,Colombo,Under way using engine
2014-11-14 09:00:00,900000073,Test Vessel 08-3,37.227152,5.113233,10.95,34.98,34.98,oil_spill_geo_08.jpg,37.1618,5.0457,20141114,Positive,Ships,VSL1023,Container Ship,Panama,9000023,259.1,12.8,3865,35843,2010,Durban,Under way using engine
2014-11-14 09:30:00,900000073,Test Vessel 08-3,37.304479,5.178738,11.19,34.0,34.0,oil_spill_geo_08.jpg,37.1618,5.0457,20141114,Positive,Ships,VSL1023,Container Ship,Panama,9000023,259.1,12.8,3865,35843,2010,Durban,Under way using engine
2014-11-14 10:00:00,900000073,Test Vessel 08-3,37.387458,5.227366,10.99,24.99,24.99,oil_spill_geo_08.jpg,37.1618,5.0457,20141114,Positive,Ships,VSL1023,Container Ship,Panama,9000023,259.1,12.8,3865,35843,2010,Durban,Under way using engine
2014-11-14 10:30:00,900000073,Test Vessel 08-3,37.467938,5.268009,10.41,21.86,21.86,oil_spill_geo_08.jpg,37.1618,5.0457,20141114,Positive,Ships,VSL1023,Container Ship,Panama,9000023,259.1,12.8,3865,35843,2010,Durban,Under way using engine
2014-11-14 11:00:00,900000073,Test Vessel 08-3,37.548594,5.301044,10.18,18.01,18.01,oil_spill_geo_08.jpg,37.1618,5.0457,20141114,Positive,Ships,VSL1023,Container Ship,Panama,9000023,259.1,12.8,3865,35843,2010,Durban,Under way using engine
2014-11-14 11:30:00,900000073,Test Vessel 08-3,37.631825,5.333549,10.46,17.2,17.2,oil_spill_geo_08.jpg,37.1618,5.0457,20141114,Positive,Ships,VSL1023,Container Ship,Panama,9000023,259.1,12.8,3865,35843,2010,Durban,Under way using engine
2014-11-14 12:00:00,900000073,Test Vessel 08-3,37.713422,5.363529,10.2,16.22,16.22,oil_spill_geo_08.jpg,37.1618,5.0457,20141114,Positive,Ships,VSL1023,Container Ship,Panama,9000023,259.1,12.8,3865,35843,2010,Durban,Under way using engine
2014-11-14 12:30:00,900000073,Test Vessel 08-3,37.797215,5.393893,10.46,16.0,16.0,oil_spill_geo_08.jpg,37.1618,5.0457,20141114,Positive,Ships,VSL1023,Container Ship,Panama,9000023,259.1,12.8,3865,35843,2010,Durban,Under way using engine
2014-11-14 13:00:00,900000073,Test Vessel 08-3,37.880594,5.416499,10.23,12.09,12.09,oil_spill_geo_08.jpg,37.1618,5.0457,20141114,Positive,Ships,VSL1023,Container Ship,Panama,9000023,259.1,12.8,3865,35843,2010,Durban,Under way using engine
2014-11-14 13:30:00,900000073,Test Vessel 08-3,37.962765,5.443087,10.18,14.33,14.33,oil_spill_geo_08.jpg,37.1618,5.0457,20141114,Positive,Ships,VSL1023,Container Ship,Panama,9000023,259.1,12.8,3865,35843,2010,Durban,Under way using engine
2014-11-14 14:00:00,900000073,Test Vessel 08-3,38.043877,5.474376,10.17,16.92,16.92,oil_spill_geo_08.jpg,37.1618,5.0457,20141114,Positive,Ships,VSL1023,Container Ship,Panama,9000023,259.1,12.8,3865,35843,2010,Durban,Under way using engine
2014-11-14 14:30:00,900000073,Test Vessel 08-3,38.121655,5.509782,9.91,19.72,19.72,oil_spill_geo_08.jpg,37.1618,5.0457,20141114,Positive,Ships,VSL1023,Container Ship,Panama,9000023,259.1,12.8,3865,35843,2010,Durban,Under way using engine
2014-11-14 15:00:00,900000073,Test Vessel 08-3,38.199042,5.544954,9.86,19.67,19.67,oil_spill_geo_08.jpg,37.1618,5.0457,20141114,Positive,Ships,VSL1023,Container Ship,Panama,9000023,259.1,12.8,3865,35843,2010,Durban,Under way using engine
2014-11-14 09:00:00,900000081,Test Vessel 09-1,37.149255,4.936732,12.0,151.19,151.19,oil_spill_geo_09.jpg,37.2372,4.8812,20141114,Positive,Ships,VSL1024,Tanker,Marshall Islands,9000024,146.1,23.7,3222,171333,2002,Piraeus,Under way using engine
2014-11-14 09:30:00,900000081,Test Vessel 09-1,37.062436,4.985911,11.43,155.7,155.7,oil_spill_geo_09.jpg,37.2372,4.8812,20141114,Positive,Ships,VSL1024,Tanker,Marshall Islands,9000024,146.1,23.7,3222,171333,2002,Piraeus,Under way using engine
2014-11-14 10:00:00,900000081,Test Vessel 09-1,36.981839,5.044898,11.2,149.71,149.71,oil_spill_geo_09.jpg,37.2372,4.8812,20141114,Positive,Ships,VSL1024,Tanker,Marshall Islands,9000024,146.1,23.7,3222,171333,2002,Piraeus,Under way using engine
2014-11-14 10:30:00,900000081,Test Vessel 09-1,36.896331,5.093547,11.27,155.56,155.56,oil_spill_geo_09.jpg,37.2372,4.8812,20141114,Positive,Ships,VSL1024,Tanker,Marshall Islands,9000024,146.1,23.7,3222,171333,2002,Piraeus,Under way using engine
2014-11-14 11:00:00,900000081,Test Vessel 09-1,36.811078,5.135265,10.99,158.63,158.63,oil_spill_geo_09.jpg,37.2372,4.8812,20141114,Positive,Ships,VSL1024,Tanker,Marshall Islands,9000024,146.1,23.7,3222,171333,2002,Piraeus,Under way using engine
2014-11-14 11:30:00,900000081,Test Vessel 09-1,36.72785,5.18563,11.1,154.15,154.15,oil_spill_geo_09.jpg,37.2372,4.8812,20141114,Positive,Ships,VSL1024,Tanker,Marshall Islands,9000024,146.1,23.7,3222,171333,2002,Piraeus,Under way using engine
2014-11-14 12:00:00,900000081,Test Vessel 09-1,36.643427,5.236136,11.24,154.38,154.38,oil_spill_geo_09.jpg,37.2372,4.8812,20141114,Positive,Ships,VSL1024,Tanker,Marshall Islands,9000024,146.1,23.7,3222,171333,2002,Piraeus,Under way using engine
2014-11-14 12:30:00,900000081,Test Vessel 09-1,36.559023,5.28828,11.3,153.63,153.63,oil_spill_geo_09.jpg,37.2372,4.8812,20141114,Positive,Ships,VSL1024,Tanker,Marshall Islands,9000024,146.1,23.7,3222,171333,2002,Piraeus,Under way using engine
2014-11-14 13:00:00,900000081,Test Vessel 09-1,36.472703,5.340081,11.5,154.26,154.26,oil_spill_geo_09.jpg,37.2372,4.8812,20141114,Positive,Ships,VSL1024,Tanker,Marshall Islands,9000024,146.1,23.7,3222,171333,2002,Piraeus,Under way using engine
2014-11-14 13:30:00,900000081,Test Vessel 09-1,36.387295,5.38409,11.09,157.49,157.49,oil_spill_geo_09.jpg,37.2372,4.8812,20141114,Positive,Ships,VSL1024,Tanker,Marshall Islands,9000024,146.1,23.7,3222,171333,2002,Piraeus,Under way using engine
2014-11-14 14:00:00,900000081,Test Vessel 09-1,36.306685,5.445442,11.34,148.5,148.5,oil_spill_geo_09.jpg,37.2372,4.8812,20141114,Positive,Ships,VSL1024,Tanker,Marshall Islands,9000024,146.1,23.7,3222,171333,2002,Piraeus,Under way using engine
2014-11-14 14:30:00,900000081,Test Vessel 09-1,36.224161,5.497048,11.09,153.25,153.25,oil_spill_geo_09.jpg,37.2372,4.8812,20141114,Positive,Ships,VSL1024,Tanker,Marshall Islands,9000024,146.1,23.7,3222,171333,2002,Piraeus,Under way using engine
2014-11-14 15:00:00,900000081,Test Vessel 09-1,36.147545,5.561555,11.11,145.82,145.82,oil_spill_geo_09.jpg,37.2372,4.8812,20141114,Positive,Ships,VSL1024,Tanker,Marshall Islands,9000024,146.1,23.7,3222,171333,2002,Piraeus,Under way using engine
2014-11-14 09:00:00,900000082,Test Vessel 09-2,37.304943,4.987349,11.96,55.02,55.02,oil_spill_geo_09.jpg,37.2372,4.8812,20141114,Positive,Ships,VSL1025,Chemical Tanker,Greece,9000025,294.4,22.8,49874,64736,2018,Houston,Under way using engine
2014-11-14 09:30:00,900000082,Test Vessel 09-2,37.362529,5.086333,11.71,53.82,53.82,oil_spill_geo_09.jpg,37.2372,4.8812,20141114,Positive,Ships,VSL1025,Chemical Tanker,Greece,9000025,294.4,22.8,49874,64736,2018,Houston,Under way using engine
2014-11-14 10:00:00,900000082,Test Vessel 09-2,37.41005,5.198841,12.15,62.01,62.01,oil_spill_geo_09.jpg,37.2372,4.8812,20141114,Positive,Ships,VSL1025,Chemical Tanker,Greece,9000025,294.4,22.8,49874,64736,2018,Houston,Under way using engine
2014-11-14 10:30:00,900000082,Test Vessel 09-2,37.449573,5.31359,11.92,66.56,66.56,oil_spill_geo_09.jpg,37.2372,4.8812,20141114,Positive,Ships,VSL1025,Chemical Tanker,Greece,9000025,294.4,22.8,49874,64736,2018,Houston,Under way using engine
2014-11-14 11:00:00,900000082,Test Vessel 09-2,37.484045,5.432743,12.08,69.98,69.98,oil_spill_geo_09.jpg,37.2372,4.8812,20141114,Positive,Ships,VSL1025,Chemical Tanker,Greece,9000025,294.4,22.8,49874,64736,2018,Houston,Under way using engine
2014-11-14 11:30:00,900000082,Test Vessel 09-2,37.516393,5.556352,12.39,71.75,71.75,oil_spill_geo_09.jpg,37.2372,4.8812,20141114,Positive,Ships,VSL1025,Chemical Tanker,Greece,9000025,294.4,22.8,49874,64736,2018,Houston,Under way using engine
2014-11-14 12:00:00,900000082,Test Vessel 09-2,37.544778,5.683572,12.58,74.29,74.29,oil_spill_geo_09.jpg,37.2372,4.8812,20141114,Positive,Ships,VSL1025,Chemical Tanker,Greece,9000025,294.4,22.8,49874,64736,2018,Houston,Under way using engine
2014-11-14 12:30:00,900000082,Test Vessel 09-2,37.568811,5.813178,12.66,76.84,76.84,oil_spill_geo_09.jpg,37.2372,4.8812,20141114,Positive,Ships,VSL1025,Chemical Tanker,Greece,9000025,294.4,22.8,49874,64736,2018,Houston,Under way using engine
2014-11-14 13:00:00,900000082,Test Vessel 09-2,37.605482,5.938262,12.69,69.7,69.7,oil_spill_geo_09.jpg,37.2372,4.8812,20141114,Positive,Ships,VSL1025,Chemical Tanker,Greece,9000025,294.4,22.8,49874,64736,2018,Houston,Under way using engine
2014-11-14 13:30:00,900000082,Test Vessel 09-2,37.644952,6.058407,12.37,67.48,67.48,oil_spill_geo_09.jpg,37.2372,4.8812,20141114,Positive,Ships,VSL1025,Chemical Tanker,Greece,9000025,294.4,22.8,49874,64736,2018,Houston,Under way using engine
2014-11-14 14:00:00,900000082,Test Vessel 09-2,37.67398,6.188006,12.8,74.2,74.2,oil_spill_geo_09.jpg,37.2372,4.8812,20141114,Positive,Ships,VSL1025,Chemical Tanker,Greece,9000025,294.4,22.8,49874,64736,2018,Houston,Under way using engine
2014-11-14 14:30:00,900000082,Test Vessel 09-2,37.693251,6.321208,12.86,79.64,79.64,oil_spill_geo_09.jpg,37.2372,4.8812,20141114,Positive,Ships,VSL1025,Chemical Tanker,Greece,9000025,294.4,22.8,49874,64736,2018,Houston,Under way using engine
2014-11-14 15:00:00,900000082,Test Vessel 09-2,37.702512,6.456177,12.86,85.04,85.04,oil_spill_geo_09.jpg,37.2372,4.8812,20141114,Positive,Ships,VSL1025,Chemical Tanker,Greece,9000025,294.4,22.8,49874,64736,2018,Houston,Under way using engine
2014-11-14 09:00:00,900000083,Test Vessel 09-3,37.269811,4.970888,9.55,57.05,57.05,oil_spill_geo_09.jpg,37.2372,4.8812,20141114,Positive,Ships,VSL1026,Offshore Supply Vessel,Norway,9000026,269.7,34.9,112285,45023,2012,Port Klang,Under way using engine
2014-11-14 09:30:00,900000083,Test Vessel 09-3,37.315537,5.058461,10.0,56.73,56.73,oil_spill_geo_09.jpg,37.2372,4.8812,20141114,Positive,Ships,VSL1026,Offshore Supply Vessel,Norway,9000026,269.7,34.9,112285,45023,2012,Port Klang,Under way using engine
2014-11-14 10:00:00,900000083,Test Vessel 09-3,37.356837,5.14953,10.01,60.31,60.31,oil_spill_geo_09.jpg,37.2372,4.8812,20141114,Positive,Ships,VSL1026,Offshore Supply Vessel,Norway,9000026,269.7,34.9,112285,45023,2012,Port Klang,Under way using engine
2014-11-14 10:30:00,900000083,Test Vessel 09-3,37.396917,5.241639,10.02,61.3,61.3,oil_spill_geo_09.jpg,37.2372,4.8812,20141114,Positive,Ships,VSL1026,Offshore Supply Vessel,Norway,9000026,269.7,34.9,112285,45023,2012,Port Klang,Under way using engine
2014-11-14 11:00:00,900000083,Test Vessel 09-3,37.43692,5.330604,9.75,60.49,60.49,oil_spill_geo_09.jpg,37.2372,4.8812,20141114,Positive,Ships,VSL1026,Offshore Supply Vessel,Norway,9000026,269.7,34.9,112285,45023,2012,Port Klang,Under way using engine
2014-11-14 11:30:00,900000083,Test Vessel 09-3,37.476885,5.417386,9.56,59.89,59.89,oil_spill_geo_09.jpg,37.2372,4.8812,20141114,Positive,Ships,VSL1026,Offshore Supply Vessel,Norway,9000026,269.7,34.9,112285,45023,2012,Port Klang,Under way using engine
2014-11-14 12:00:00,900000083,Test Vessel 09-3,37.523319,5.500591,9.69,54.89,54.89,oil_spill_geo_09.jpg,37.2372,4.8812,20141114,Positive,Ships,VSL1026,Offshore Supply Vessel,Norway,9000026,269.7,34.9,112285,45023,2012,Port Klang,Under way using engine
2014-11-14 12:30:00,900000083,Test Vessel 09-3,37.565875,5.581505,9.24,56.45,56.45,oil_spill_geo_09.jpg,37.2372,4.8812,20141114,Positive,Ships,VSL1026,Offshore Supply Vessel,Norway,9000026,269.7,34.9,112285,45023,2012,Port Klang,Under way using engine
2014-11-14 13:00:00,900000083,Test Vessel 09-3,37.610139,5.664171,9.49,55.96,55.96,oil_spill_geo_09.jpg,37.2372,4.8812,20141114,Positive,Ships,VSL1026,Offshore Supply Vessel,Norway,9000026,269.7,34.9,112285,45023,2012,Port Klang,Under way using engine
2014-11-14 13:30:00,900000083,Test Vessel 09-3,37.650504,5.753129,9.75,60.2,60.2,oil_spill_geo_09.jpg,37.2372,4.8812,20141114,Positive,Ships,VSL1026,Offshore Supply Vessel,Norway,9000026,269.7,34.9,112285,45023,2012,Port Klang,Under way using engine
2014-11-14 14:00:00,900000083,Test Vessel 09-3,37.689807,5.840341,9.53,60.35,60.35,oil_spill_geo_09.jpg,37.2372,4.8812,20141114,Positive,Ships,VSL1026,Offshore Supply Vessel,Norway,9000026,269.7,34.9,112285,45023,2012,Port Klang,Under way using engine
2014-11-14 14:30:00,900000083,Test Vessel 09-3,37.734617,5.924348,9.62,56.02,56.02,oil_spill_geo_09.jpg,37.2372,4.8812,20141114,Positive,Ships,VSL1026,Offshore Supply Vessel,Norway,9000026,269.7,34.9,112285,45023,2012,Port Klang,Under way using engine
2014-11-14 15:00:00,900000083,Test Vessel 09-3,37.779092,6.012738,9.94,57.53,57.53,oil_spill_geo_09.jpg,37.2372,4.8812,20141114,Positive,Ships,VSL1026,Offshore Supply Vessel,Norway,9000026,269.7,34.9,112285,45023,2012,Port Klang,Under way using engine
2015-01-11 09:00:00,900000091,Test Vessel 10-1,36.911111,0.098377,8.72,354.9,354.9,oil_spill_geo_10.jpg,36.8367,0.0987,20150111,Positive,Ships,VSL1027,Tanker,Malta,9000027,176.1,13.3,23238,97078,2019,Dubai,Under way using engine
2015-01-11 09:30:00,900000091,Test Vessel 10-1,36.983717,0.086563,8.79,352.59,352.59,oil_spill_geo_10.jpg,36.8367,0.0987,20150111,Positive,Ships,VSL1027,Tanker,Malta,9000027,176.1,13.3,23238,97078,2019,Dubai,Under way using engine
2015-01-11 10:00:00,900000091,Test Vessel 10-1,37.054655,0.071817,8.63,350.57,350.57,oil_spill_geo_10.jpg,36.8367,0.0987,20150111,Positive,Ships,VSL1027,Tanker,Malta,9000027,176.1,13.3,23238,97078,2019,Dubai,Under way using engine
2015-01-11 10:30:00,900000091,Test Vessel 10-1,37.125004,0.059142,8.53,351.82,351.82,oil_spill_geo_10.jpg,36.8367,0.0987,20150111,Positive,Ships,VSL1027,Tanker,Malta,9000027,176.1,13.3,23238,97078,2019,Dubai,Under way using engine
2015-01-11 11:00:00,900000091,Test Vessel 10-1,37.196079,0.047871,8.6,352.79,352.79,oil_spill_geo_10.jpg,36.8367,0.0987,20150111,Positive,Ships,VSL1027,Tanker,Malta,9000027,176.1,13.3,23238,97078,2019,Dubai,Under way using engine
2015-01-11 11:30:00,900000091,Test Vessel 10-1,37.265234,0.029791,8.48,348.24,348.24,oil_spill_geo_10.jpg,36.8367,0.0987,20150111,Positive,Ships,VSL1027,Tanker,Malta,9000027,176.1,13.3,23238,97078,2019,Dubai,Under way using engine
2015-01-11 12:00:00,900000091,Test Vessel 10-1,37.333076,0.020812,8.19,353.99,353.99,oil_spill_geo_10.jpg,36.8367,0.0987,20150111,Positive,Ships,VSL1027,Tanker,Malta,9000027,176.1,13.3,23238,97078,2019,Dubai,Under way using engine
2015-01-11 12:30:00,900000091,Test Vessel 10-1,37.395372,0.000581,7.72,345.52,345.52,oil_spill_geo_10.jpg,36.8367,0.0987,20150111,Positive,Ships,VSL1027,Tanker,Malta,9000027,176.1,13.3,23238,97078,2019,Dubai,Under way using engine
2015-01-11 13:00:00,900000091,Test Vessel 10-1,37.457762,-0.019529,7.73,345.64,345.64,oil_spill_geo_10.jpg,36.8367,0.0987,20150111,Positive,Ships,VSL1027,Tanker,Malta,9000027,176.1,13.3,23238,97078,2019,Dubai,Under way using engine
2015-01-11 13:30:00,900000091,Test Vessel 10-1,37.522464,-0.041115,8.03,345.17,345.17,oil_spill_geo_10.jpg,36.8367,0.0987,20150111,Positive,Ships,VSL1027,Tanker,Malta,9000027,176.1,13.3,23238,97078,2019,Dubai,Under way using engine
2015-01-11 14:00:00,900000091,Test Vessel 10-1,37.583608,-0.077928,8.13,334.48,334.48,oil_spill_geo_10.jpg,36.8367,0.0987,20150111,Positive,Ships,VSL1027,Tanker,Malta,9000027,176.1,13.3,23238,97078,2019,Dubai,Under way using engine
2015-01-11 14:30:00,900000091,Test Vessel 10-1,37.645348,-0.105179,7.85,340.72,340.72,oil_spill_geo_10.jpg,36.8367,0.0987,20150111,Positive,Ships,VSL1027,Tanker,Malta,9000027,176.1,13.3,23238,97078,2019,Dubai,Under way using engine
2015-01-11 15:00:00,900000091,Test Vessel 10-1,37.705028,-0.133807,7.66,339.2,339.2,oil_spill_geo_10.jpg,36.8367,0.0987,20150111,Positive,Ships,VSL1027,Tanker,Malta,9000027,176.1,13.3,23238,97078,2019,Dubai,Under way using engine
2015-01-11 09:00:00,900000092,Test Vessel 10-2,36.876576,0.207373,12.17,72.24,72.24,oil_spill_geo_10.jpg,36.8367,0.0987,20150111,Positive,Ships,VSL1028,Tanker,Bahamas,9000028,114.8,10.3,89384,102868,2009,Singapore,Under way using engine
2015-01-11 09:30:00,900000092,Test Vessel 10-2,36.908375,0.332548,12.61,72.38,72.38,oil_spill_geo_10.jpg,36.8367,0.0987,20150111,Positive,Ships,VSL1028,Tanker,Bahamas,9000028,114.8,10.3,89384,102868,2009,Singapore,Under way using engine
2015-01-11 10:00:00,900000092,Test Vessel 10-2,36.940909,0.457838,12.64,72.01,72.01,oil_spill_geo_10.jpg,36.8367,0.0987,20150111,Positive,Ships,VSL1028,Tanker,Bahamas,9000028,114.8,10.3,89384,102868,2009,Singapore,Under way using engine
2015-01-11 10:30:00,900000092,Test Vessel 10-2,36.972762,0.592123,13.43,73.47,73.47,oil_spill_geo_10.jpg,36.8367,0.0987,20150111,Positive,Ships,VSL1028,Tanker,Bahamas,9000028,114.8,10.3,89384,102868,2009,Singapore,Under way using engine
2015-01-11 11:00:00,900000092,Test Vessel 10-2,36.997849,0.726799,13.26,76.88,76.88,oil_spill_geo_10.jpg,36.8367,0.0987,20150111,Positive,Ships,VSL1028,Tanker,Bahamas,9000028,114.8,10.3,89384,102868,2009,Singapore,Under way using engine
2015-01-11 11:30:00,900000092,Test Vessel 10-2,37.015484,0.862402,13.17,80.75,80.75,oil_spill_geo_10.jpg,36.8367,0.0987,20150111,Positive,Ships,VSL1028,Tanker,Bahamas,9000028,114.8,10.3,89384,102868,2009,Singapore,Under way using engine
2015-01-11 12:00:00,900000092,Test Vessel 10-2,37.037179,0.999529,13.39,78.79,78.79,oil_spill_geo_10.jpg,36.8367,0.0987,20150111,Positive,Ships,VSL1028,Tanker,Bahamas,9000028,114.8,10.3,89384,102868,2009,Singapore,Under way using engine
2015-01-11 12:30:00,900000092,Test Vessel 10-2,37.058748,1.137467,13.46,78.92,78.92,oil_spill_geo_10.jpg,36.8367,0.0987,20150111,Positive,Ships,VSL1028,Tanker,Bahamas,9000028,114.8,10.3,89384,102868,2009,Singapore,Under way using engine
2015-01-11 13:00:00,900000092,Test Vessel 10-2,37.080343,1.276332,13.55,78.97,78.97,oil_spill_geo_10.jpg,36.8367,0.0987,20150111,Positive,Ships,VSL1028,Tanker,Bahamas,9000028,114.8,10.3,89384,102868,2009,Singapore,Under way using engine
2015-01-11 13:30:00,900000092,Test Vessel 10-2,37.097988,1.410988,13.06,80.67,80.67,oil_spill_geo_10.jpg,36.8367,0.0987,20150111,Positive,Ships,VSL1028,Tanker,Bahamas,9000028,114.8,10.3,89384,102868,2009,Singapore,Under way using engine
2015-01-11 14:00:00,900000092,Test Vessel 10-2,37.110379,1.544011,12.82,83.34,83.34,oil_spill_geo_10.jpg,36.8367,0.0987,20150111,Positive,Ships,VSL1028,Tanker,Bahamas,9000028,114.8,10.3,89384,102868,2009,Singapore,Under way using engine
2015-01-11 14:30:00,900000092,Test Vessel 10-2,37.133346,1.674671,12.8,77.57,77.57,oil_spill_geo_10.jpg,36.8367,0.0987,20150111,Positive,Ships,VSL1028,Tanker,Bahamas,9000028,114.8,10.3,89384,102868,2009,Singapore,Under way using engine
2015-01-11 15:00:00,900000092,Test Vessel 10-2,37.155399,1.803765,12.63,77.91,77.91,oil_spill_geo_10.jpg,36.8367,0.0987,20150111,Positive,Ships,VSL1028,Tanker,Bahamas,9000028,114.8,10.3,89384,102868,2009,Singapore,Under way using engine
2015-01-11 09:00:00,900000093,Test Vessel 10-3,36.751088,0.076257,9.29,187.74,187.74,oil_spill_geo_10.jpg,36.8367,0.0987,20150111,Positive,Ships,VSL1029,Cargo,United Kingdom,9000029,284.6,16.1,66034,159074,2007,Mumbai,Under way using engine
2015-01-11 09:30:00,900000093,Test Vessel 10-3,36.672366,0.069892,9.47,183.71,183.71,oil_spill_geo_10.jpg,36.8367,0.0987,20150111,Positive,Ships,VSL1029,Cargo,United Kingdom,9000029,284.6,16.1,66034,159074,2007,Mumbai,Under way using engine
2015-01-11 10:00:00,900000093,Test Vessel 10-3,36.597598,0.063441,8.99,183.96,183.96,oil_spill_geo_10.jpg,36.8367,0.0987,20150111,Positive,Ships,VSL1029,Cargo,United Kingdom,9000029,284.6,16.1,66034,159074,2007,Mumbai,Under way using engine
2015-01-11 10:30:00,900000093,Test Vessel 10-3,36.522849,0.069749,8.99,176.12,176.12,oil_spill_geo_10.jpg,36.8367,0.0987,20150111,Positive,Ships,VSL1029,Cargo,United Kingdom,9000029,284.6,16.1,66034,159074,2007,Mumbai,Under way using engine
2015-01-11 11:00:00,900000093,Test Vessel 10-3,36.448401,0.077463,8.96,175.24,175.24,oil_spill_geo_10.jpg,36.8367,0.0987,20150111,Positive,Ships,VSL1029,Cargo,United Kingdom,9000029,284.6,16.1,66034,159074,2007,Mumbai,Under way using engine
2015-01-11 11:30:00,900000093,Test Vessel 10-3,36.373498,0.085399,9.02,175.13,175.13,oil_spill_geo_10.jpg,36.8367,0.0987,20150111,Positive,Ships,VSL1029,Cargo,United Kingdom,9000029,284.6,16.1,66034,159074,2007,Mumbai,Under way using engine
2015-01-11 12:00:00,900000093,Test Vessel 10-3,36.300651,0.087107,8.74,178.92,178.92,oil_spill_geo_10.jpg,36.8367,0.0987,20150111,Positive,Ships,VSL1029,Cargo,United Kingdom,9000029,284.6,16.1,66034,159074,2007,Mumbai,Under way using engine
2015-01-11 12:30:00,900000093,Test Vessel 10-3,36.230426,0.09591,8.47,174.23,174.23,oil_spill_geo_10.jpg,36.8367,0.0987,20150111,Positive,Ships,VSL1029,Cargo,United Kingdom,9000029,284.6,16.1,66034,159074,2007,Mumbai,Under way using engine
2015-01-11 13:00:00,900000093,Test Vessel 10-3,36.157487,0.103206,8.78,175.39,175.39,oil_spill_geo_10.jpg,36.8367,0.0987,20150111,Positive,Ships,VSL1029,Cargo,United Kingdom,9000029,284.6,16.1,66034,159074,2007,Mumbai,Under way using engine
2015-01-11 13:30:00,900000093,Test Vessel 10-3,36.089938,0.1125,8.16,173.66,173.66,oil_spill_geo_10.jpg,36.8367,0.0987,20150111,Positive,Ships,VSL1029,Cargo,United Kingdom,9000029,284.6,16.1,66034,159074,2007,Mumbai,Under way using engine
2015-01-11 14:00:00,900000093,Test Vessel 10-3,36.025447,0.131151,7.95,166.85,166.85,oil_spill_geo_10.jpg,36.8367,0.0987,20150111,Positive,Ships,VSL1029,Cargo,United Kingdom,9000029,284.6,16.1,66034,159074,2007,Mumbai,Under way using engine
2015-01-11 14:30:00,900000093,Test Vessel 10-3,35.962412,0.152599,7.85,164.61,164.61,oil_spill_geo_10.jpg,36.8367,0.0987,20150111,Positive,Ships,VSL1029,Cargo,United Kingdom,9000029,284.6,16.1,66034,159074,2007,Mumbai,Under way using engine
2015-01-11 15:00:00,900000093,Test Vessel 10-3,35.899957,0.173608,7.77,164.77,164.77,oil_spill_geo_10.jpg,36.8367,0.0987,20150111,Positive,Ships,VSL1029,Cargo,United Kingdom,9000029,284.6,16.1,66034,159074,2007,Mumbai,Under way using engine
2015-03-16 09:00:00,900000101,Test Vessel 11-1,24.999667,-80.178516,7.76,258.5,258.5,oil_spill_geo_11.jpg,25.002,-80.1111,20150316,Positive,Ships,VSL1030,Tanker,India,9000030,230.1,39.3,140854,50815,2017,Rotterdam,Under way using engine
2015-03-16 09:30:00,900000101,Test Vessel 11-1,24.987289,-80.248219,7.72,258.91,258.91,oil_spill_geo_11.jpg,25.002,-80.1111,20150316,Positive,Ships,VSL1030,Tanker,India,9000030,230.1,39.3,140854,50815,2017,Rotterdam,Under way using engine
2015-03-16 10:00:00,900000101,Test Vessel 11-1,24.982085,-80.317573,7.57,265.27,265.27,oil_spill_geo_11.jpg,25.002,-80.1111,20150316,Positive,Ships,VSL1030,Tanker,India,9000030,230.1,39.3,140854,50815,2017,Rotterdam,Under way using engine
2015-03-16 10:30:00,900000101,Test Vessel 11-1,24.985917,-80.386514,7.51,273.51,273.51,oil_spill_geo_11.jpg,25.002,-80.1111,20150316,Positive,Ships,VSL1030,Tanker,India,9000030,230.1,39.3,140854,50815,2017,Rotterdam,Under way using engine
2015-03-16 11:00:00,900000101,Test Vessel 11-1,24.984165,-80.45572,7.53,268.4,268.4,oil_spill_geo_11.jpg,25.002,-80.1111,20150316,Positive,Ships,VSL1030,Tanker,India,9000030,230.1,39.3,140854,50815,2017,Rotterdam,Under way using engine
2015-03-16 11:30:00,900000101,Test Vessel 11-1,24.977871,-80.522866,7.34,264.1,264.1,oil_spill_geo_11.jpg,25.002,-80.1111,20150316,Positive,Ships,VSL1030,Tanker,India,9000030,230.1,39.3,140854,50815,2017,Rotterdam,Under way using engine
2015-03-16 12:00:00,900000101,Test Vessel 11-1,24.973178,-80.591448,7.48,265.68,265.68,oil_spill_geo_11.jpg,25.002,-80.1111,20150316,Positive,Ships,VSL1030,Tanker,India,9000030,230.1,39.3,140854,50815,2017,Rotterdam,Under way using engine
2015-03-16 12:30:00,900000101,Test Vessel 11-1,24.965547,-80.661992,7.73,263.19,263.19,oil_spill_geo_11.jpg,25.002,-80.1111,20150316,Positive,Ships,VSL1030,Tanker,India,9000030,230.1,39.3,140854,50815,2017,Rotterdam,Under way using engine
2015-03-16 13:00:00,900000101,Test Vessel 11-1,24.962989,-80.736279,8.09,267.82,267.82,oil_spill_geo_11.jpg,25.002,-80.1111,20150316,Positive,Ships,VSL1030,Tanker,India,9000030,230.1,39.3,140854,50815,2017,Rotterdam,Under way using engine
2015-03-16 13:30:00,900000101,Test Vessel 11-1,24.962919,-80.813751,8.43,269.94,269.94,oil_spill_geo_11.jpg,25.002,-80.1111,20150316,Positive,Ships,VSL1030,Tanker,India,9000030,230.1,39.3,140854,50815,2017,Rotterdam,Under way using engine
2015-03-16 14:00:00,900000101,Test Vessel 11-1,24.953741,-80.889822,8.35,262.42,262.42,oil_spill_geo_11.jpg,25.002,-80.1111,20150316,Positive,Ships,VSL1030,Tanker,India,9000030,230.1,39.3,140854,50815,2017,Rotterdam,Under way using engine
2015-03-16 14:30:00,900000101,Test Vessel 11-1,24.94036,-80.965404,8.38,258.95,258.95,oil_spill_geo_11.jpg,25.002,-80.1111,20150316,Positive,Ships,VSL1030,Tanker,India,9000030,230.1,39.3,140854,50815,2017,Rotterdam,Under way using engine
2015-03-16 15:00:00,900000101,Test Vessel 11-1,24.924337,-81.039958,8.34,256.67,256.67,oil_spill_geo_11.jpg,25.002,-80.1111,20150316,Positive,Ships,VSL1030,Tanker,India,9000030,230.1,39.3,140854,50815,2017,Rotterdam,Under way using engine
2015-03-16 09:00:00,900000102,Test Vessel 11-2,24.929489,-80.129293,8.91,193.47,193.47,oil_spill_geo_11.jpg,25.002,-80.1111,20150316,Positive,Ships,VSL1031,Bulk Carrier,Singapore,9000031,107.3,16.9,104150,70584,2005,Fujairah,Under way using engine
2015-03-16 09:30:00,900000102,Test Vessel 11-2,24.855494,-80.151555,9.2,195.26,195.26,oil_spill_geo_11.jpg,25.002,-80.1111,20150316,Positive,Ships,VSL1031,Bulk Carrier,Singapore,9000031,107.3,16.9,104150,70584,2005,Fujairah,Under way using engine
2015-03-16 10:00:00,900000102,Test Vessel 11-2,24.783707,-80.18328,9.28,201.85,201.85,oil_spill_geo_11.jpg,25.002,-80.1111,20150316,Positive,Ships,VSL1031,Bulk Carrier,Singapore,9000031,107.3,16.9,104150,70584,2005,Fujairah,Under way using engine
2015-03-16 10:30:00,900000102,Test Vessel 11-2,24.715351,-80.21713,8.99,204.21,204.21,oil_spill_geo_11.jpg,25.002,-80.1111,20150316,Positive,Ships,VSL1031,Bulk Carrier,Singapore,9000031,107.3,16.9,104150,70584,2005,Fujairah,Under way using engine
2015-03-16 11:00:00,900000102,Test Vessel 11-2,24.645016,-80.251372,9.23,203.86,203.86,oil_spill_geo_11.jpg,25.002,-80.1111,20150316,Positive,Ships,VSL1031,Bulk Carrier,Singapore,9000031,107.3,16.9,104150,70584,2005,Fujairah,Under way using engine
2015-03-16 11:30:00,900000102,Test Vessel 11-2,24.576298,-80.290429,9.28,207.32,207.32,oil_spill_geo_11.jpg,25.002,-80.1111,20150316,Positive,Ships,VSL1031,Bulk Carrier,Singapore,9000031,107.3,16.9,104150,70584,2005,Fujairah,Under way using engine
2015-03-16 12:00:00,900000102,Test Vessel 11-2,24.509029,-80.33464,9.4,210.87,210.87,oil_spill_geo_11.jpg,25.002,-80.1111,20150316,Positive,Ships,VSL1031,Bulk Carrier,Singapore,9000031,107.3,16.9,104150,70584,2005,Fujairah,Under way using engine
2015-03-16 12:30:00,900000102,Test Vessel 11-2,24.444871,-80.385247,9.48,215.67,215.67,oil_spill_geo_11.jpg,25.002,-80.1111,20150316,Positive,Ships,VSL1031,Bulk Carrier,Singapore,9000031,107.3,16.9,104150,70584,2005,Fujairah,Under way using engine
2015-03-16 13:00:00,900000102,Test Vessel 11-2,24.379012,-80.434495,9.56,214.24,214.24,oil_spill_geo_11.jpg,25.002,-80.1111,20150316,Positive,Ships,VSL1031,Bulk Carrier,Singapore,9000031,107.3,16.9,104150,70584,2005,Fujairah,Under way using engine
2015-03-16 13:30:00,900000102,Test Vessel 11-2,24.30468,-80.468336,9.66,202.52,202.52,oil_spill_geo_11.jpg,25.002,-80.1111,20150316,Positive,Ships,VSL1031,Bulk Carrier,Singapore,9000031,107.3,16.9,104150,70584,2005,Fujairah,Under way using engine
2015-03-16 14:00:00,900000102,Test Vessel 11-2,24.228536,-80.479972,9.23,187.93,187.93,oil_spill_geo_11.jpg,25.002,-80.1111,20150316,Positive,Ships,VSL1031,Bulk Carrier,Singapore,9000031,107.3,16.9,104150,70584,2005,Fujairah,Under way using engine
2015-03-16 14:30:00,900000102,Test Vessel 11-2,24.151785,-80.494413,9.34,189.74,189.74,oil_spill_geo_11.jpg,25.002,-80.1111,20150316,Positive,Ships,VSL1031,Bulk Carrier,Singapore,9000031,107.3,16.9,104150,70584,2005,Fujairah,Under way using engine
2015-03-16 15:00:00,900000102,Test Vessel 11-2,24.075696,-80.501834,9.17,185.09,185.09,oil_spill_geo_11.jpg,25.002,-80.1111,20150316,Positive,Ships,VSL1031,Bulk Carrier,Singapore,9000031,107.3,16.9,104150,70584,2005,Fujairah,Under way using engine
2015-03-16 09:00:00,900000103,Test Vessel 11-3,24.926625,-80.182443,12.16,225.81,225.81,oil_spill_geo_11.jpg,25.002,-80.1111,20150316,Positive,Ships,VSL1032,Chemical Tanker,Liberia,9000032,130.9,13.1,93991,69863,2014,Colombo,Under way using engine
2015-03-16 09:30:00,900000103,Test Vessel 11-3,24.858088,-80.261618,11.91,226.33,226.33,oil_spill_geo_11.jpg,25.002,-80.1111,20150316,Positive,Ships,VSL1032,Chemical Tanker,Liberia,9000032,130.9,13.1,93991,69863,2014,Colombo,Under way using engine
2015-03-16 10:00:00,900000103,Test Vessel 11-3,24.789054,-80.340108,11.9,225.89,225.89,oil_spill_geo_11.jpg,25.002,-80.1111,20150316,Positive,Ships,VSL1032,Chemical Tanker,Liberia,9000032,130.9,13.1,93991,69863,2014,Colombo,Under way using engine
2015-03-16 10:30:00,900000103,Test Vessel 11-3,24.713963,-80.410585,11.84,220.43,220.43,oil_spill_geo_11.jpg,25.002,-80.1111,20150316,Positive,Ships,VSL1032,Chemical Tanker,Liberia,9000032,130.9,13.1,93991,69863,2014,Colombo,Under way using engine
2015-03-16 11:00:00,900000103,Test Vessel 11-3,24.634131,-80.477933,12.07,217.46,217.46,oil_spill_geo_11.jpg,25.002,-80.1111,20150316,Positive,Ships,VSL1032,Chemical Tanker,Liberia,9000032,130.9,13.1,93991,69863,2014,Colombo,Under way using engine
2015-03-16 11:30:00,900000103,Test Vessel 11-3,24.554914,-80.545054,12.0,217.6,217.6,oil_spill_geo_11.jpg,25.002,-80.1111,20150316,Positive,Ships,VSL1032,Chemical Tanker,Liberia,9000032,130.9,13.1,93991,69863,2014,Colombo,Under way using engine
2015-03-16 12:00:00,900000103,Test Vessel 11-3,24.474877,-80.611794,12.05,217.18,217.18,oil_spill_geo_11.jpg,25.002,-80.1111,20150316,Positive,Ships,VSL1032,Chemical Tanker,Liberia,9000032,130.9,13.1,93991,69863,2014,Colombo,Under way using engine
2015-03-16 12:30:00,900000103,Test Vessel 11-3,24.399131,-80.680755,11.8,219.65,219.65,oil_spill_geo_11.jpg,25.002,-80.1111,20150316,Positive,Ships,VSL1032,Chemical Tanker,Liberia,9000032,130.9,13.1,93991,69863,2014,Colombo,Under way using engine
2015-03-16 13:00:00,900000103,Test Vessel 11-3,24.31715,-80.744917,12.08,215.48,215.48,oil_spill_geo_11.jpg,25.002,-80.1111,20150316,Positive,Ships,VSL1032,Chemical Tanker,Liberia,9000032,130.9,13.1,93991,69863,2014,Colombo,Under way using engine
2015-03-16 13:30:00,900000103,Test Vessel 11-3,24.235974,-80.804618,11.73,213.83,213.83,oil_spill_geo_11.jpg,25.002,-80.1111,20150316,Positive,Ships,VSL1032,Chemical Tanker,Liberia,9000032,130.9,13.1,93991,69863,2014,Colombo,Under way using engine
2015-03-16 14:00:00,900000103,Test Vessel 11-3,24.155737,-80.867627,11.84,215.61,215.61,oil_spill_geo_11.jpg,25.002,-80.1111,20150316,Positive,Ships,VSL1032,Chemical Tanker,Liberia,9000032,130.9,13.1,93991,69863,2014,Colombo,Under way using engine
2015-03-16 14:30:00,900000103,Test Vessel 11-3,24.069414,-80.921115,11.9,209.48,209.48,oil_spill_geo_11.jpg,25.002,-80.1111,20150316,Positive,Ships,VSL1032,Chemical Tanker,Liberia,9000032,130.9,13.1,93991,69863,2014,Colombo,Under way using engine
2015-03-16 15:00:00,900000103,Test Vessel 11-3,23.985051,-80.979807,11.99,212.42,212.42,oil_spill_geo_11.jpg,25.002,-80.1111,20150316,Positive,Ships,VSL1032,Chemical Tanker,Liberia,9000032,130.9,13.1,93991,69863,2014,Colombo,Under way using engine
2015-03-16 09:00:00,900000111,Test Vessel 12-1,25.162603,-79.738765,11.67,323.71,323.71,oil_spill_geo_12.jpg,25.098,-79.6737,20150316,Positive,Ships,VSL1033,Tanker,Panama,9000033,223.2,26.4,51297,36211,2016,Durban,Under way using engine
2015-03-16 09:30:00,900000111,Test Vessel 12-1,25.240439,-79.806483,11.89,321.78,321.78,oil_spill_geo_12.jpg,25.098,-79.6737,20150316,Positive,Ships,VSL1033,Tanker,Panama,9000033,223.2,26.4,51297,36211,2016,Durban,Under way using engine
2015-03-16 10:00:00,900000111,Test Vessel 12-1,25.327339,-79.86722,12.34,327.7,327.7,oil_spill_geo_12.jpg,25.098,-79.6737,20150316,Positive,Ships,VSL1033,Tanker,Panama,9000033,223.2,26.4,51297,36211,2016,Durban,Under way using engine
2015-03-16 10:30:00,900000111,Test Vessel 12-1,25.418705,-79.918817,12.31,332.96,332.96,oil_spill_geo_12.jpg,25.098,-79.6737,20150316,Positive,Ships,VSL1033,Tanker,Panama,9000033,223.2,26.4,51297,36211,2016,Durban,Under way using engine
2015-03-16 11:00:00,900000111,Test Vessel 12-1,25.512632,-79.968713,12.5,334.37,334.37,oil_spill_geo_12.jpg,25.098,-79.6737,20150316,Positive,Ships,VSL1033,Tanker,Panama,9000033,223.2,26.4,51297,36211,2016,Durban,Under way using engine
2015-03-16 11:30:00,900000111,Test Vessel 12-1,25.607184,-80.017893,12.53,334.85,334.85,oil_spill_geo_12.jpg,25.098,-79.6737,20150316,Positive,Ships,VSL1033,Tanker,Panama,9000033,223.2,26.4,51297,36211,2016,Durban,Under way using engine
2015-03-16 12:00:00,900000111,Test Vessel 12-1,25.704016,-80.060953,12.52,338.15,338.15,oil_spill_geo_12.jpg,25.098,-79.6737,20150316,Positive,Ships,VSL1033,Tanker,Panama,9000033,223.2,26.4,51297,36211,2016,Durban,Under way using engine
2015-03-16 12:30:00,900000111,Test Vessel 12-1,25.797962,-80.10906,12.42,335.23,335.23,oil_spill_geo_12.jpg,25.098,-79.6737,20150316,Positive,Ships,VSL1033,Tanker,Panama,9000033,223.2,26.4,51297,36211,2016,Durban,Under way using engine
2015-03-16 13:00:00,900000111,Test Vessel 12-1,25.893739,-80.152544,12.42,337.77,337.77,oil_spill_geo_12.jpg,25.098,-79.6737,20150316,Positive,Ships,VSL1033,Tanker,Panama,9000033,223.2,26.4,51297,36211,2016,Durban,Under way using engine
2015-03-16 13:30:00,900000111,Test Vessel 12-1,25.991724,-80.194076,12.58,339.13,339.13,oil_spill_geo_12.jpg,25.098,-79.6737,20150316,Positive,Ships,VSL1033,Tanker,Panama,9000033,223.2,26.4,51297,36211,2016,Durban,Under way using engine
2015-03-16 14:00:00,900000111,Test Vessel 12-1,26.090154,-80.239147,12.77,337.63,337.63,oil_spill_geo_12.jpg,25.098,-79.6737,20150316,Positive,Ships,VSL1033,Tanker,Panama,9000033,223.2,26.4,51297,36211,2016,Durban,Under way using engine
2015-03-16 14:30:00,900000111,Test Vessel 12-1,26.187217,-80.280322,12.46,339.14,339.14,oil_spill_geo_12.jpg,25.098,-79.6737,20150316,Positive,Ships,VSL1033,Tanker,Panama,9000033,223.2,26.4,51297,36211,2016,Durban,Under way using engine
2015-03-16 15:00:00,900000111,Test Vessel 12-1,26.286499,-80.310147,12.34,344.91,344.91,oil_spill_geo_12.jpg,25.098,-79.6737,20150316,Positive,Ships,VSL1033,Tanker,Panama,9000033,223.2,26.4,51297,36211,2016,Durban,Under way using engine
2015-03-16 09:00:00,900000112,Test Vessel 12-2,25.082974,-79.729427,6.08,239.33,239.33,oil_spill_geo_12.jpg,25.098,-79.6737,20150316,Positive,Ships,VSL1034,Fishing Vessel,Marshall Islands,9000034,143.7,25.2,21715,100109,2011,Piraeus,Under way using engine
2015-03-16 09:30:00,900000112,Test Vessel 12-2,25.058704,-79.779423,6.17,241.81,241.81,oil_spill_geo_12.jpg,25.098,-79.6737,20150316,Positive,Ships,VSL1034,Fishing Vessel,Marshall Islands,9000034,143.7,25.2,21715,100109,2011,Piraeus,Under way using engine
2015-03-16 10:00:00,900000112,Test Vessel 12-2,25.035052,-79.830829,6.27,243.07,243.07,oil_spill_geo_12.jpg,25.098,-79.6737,20150316,Positive,Ships,VSL1034,Fishing Vessel,Marshall Islands,9000034,143.7,25.2,21715,100109,2011,Piraeus,Under way using engine
2015-03-16 10:30:00,900000112,Test Vessel 12-2,25.015243,-79.878887,5.74,245.54,245.54,oil_spill_geo_12.jpg,25.098,-79.6737,20150316,Positive,Ships,VSL1034,Fishing Vessel,Marshall Islands,9000034,143.7,25.2,21715,100109,2011,Piraeus,Under way using engine
2015-03-16 11:00:00,900000112,Test Vessel 12-2,24.996318,-79.921858,5.2,244.08,244.08,oil_spill_geo_12.jpg,25.098,-79.6737,20150316,Positive,Ships,VSL1034,Fishing Vessel,Marshall Islands,9000034,143.7,25.2,21715,100109,2011,Piraeus,Under way using engine
2015-03-16 11:30:00,900000112,Test Vessel 12-2,24.977495,-79.964865,5.19,244.22,244.22,oil_spill_geo_12.jpg,25.098,-79.6737,20150316,Positive,Ships,VSL1034,Fishing Vessel,Marshall Islands,9000034,143.7,25.2,21715,100109,2011,Piraeus,Under way using engine
2015-03-16 12:00:00,900000112,Test Vessel 12-2,24.960655,-80.011804,5.49,248.41,248.41,oil_spill_geo_12.jpg,25.098,-79.6737,20150316,Positive,Ships,VSL1034,Fishing Vessel,Marshall Islands,9000034,143.7,25.2,21715,100109,2011,Piraeus,Under way using engine
2015-03-16 12:30:00,900000112,Test Vessel 12-2,24.944788,-80.057919,5.37,249.22,249.22,oil_spill_geo_12.jpg,25.098,-79.6737,20150316,Positive,Ships,VSL1034,Fishing Vessel,Marshall Islands,9000034,143.7,25.2,21715,100109,2011,Piraeus,Under way using engine
2015-03-16 13:00:00,900000112,Test Vessel 12-2,24.930701,-80.103446,5.23,251.16,251.16,oil_spill_geo_12.jpg,25.098,-79.6737,20150316,Positive,Ships,VSL1034,Fishing Vessel,Marshall Islands,9000034,143.7,25.2,21715,100109,2011,Piraeus,Under way using engine
2015-03-16 13:30:00,900000112,Test Vessel 12-2,24.915947,-80.151111,5.48,251.15,251.15,oil_spill_geo_12.jpg,25.098,-79.6737,20150316,Positive,Ships,VSL1034,Fishing Vessel,Marshall Islands,9000034,143.7,25.2,21715,100109,2011,Piraeus,Under way using engine
2015-03-16 14:00:00,900000112,Test Vessel 12-2,24.898918,-80.199828,5.68,248.92,248.92,oil_spill_geo_12.jpg,25.098,-79.6737,20150316,Positive,Ships,VSL1034,Fishing Vessel,Marshall Islands,9000034,143.7,25.2,21715,100109,2011,Piraeus,Under way using engine
2015-03-16 14:30:00,900000112,Test Vessel 12-2,24.884623,-80.247289,5.44,251.63,251.63,oil_spill_geo_12.jpg,25.098,-79.6737,20150316,Positive,Ships,VSL1034,Fishing Vessel,Marshall Islands,9000034,143.7,25.2,21715,100109,2011,Piraeus,Under way using engine
2015-03-16 15:00:00,900000112,Test Vessel 12-2,24.872922,-80.29726,5.62,255.53,255.53,oil_spill_geo_12.jpg,25.098,-79.6737,20150316,Positive,Ships,VSL1034,Fishing Vessel,Marshall Islands,9000034,143.7,25.2,21715,100109,2011,Piraeus,Under way using engine
2015-03-16 09:00:00,900000113,Test Vessel 12-3,25.101807,-79.559273,12.98,90.08,90.08,oil_spill_geo_12.jpg,25.098,-79.6737,20150316,Positive,Ships,VSL1035,Tanker,Greece,9000035,242.1,15.1,102875,98332,2001,Houston,Under way using engine
2015-03-16 09:30:00,900000113,Test Vessel 12-3,25.098429,-79.442787,12.66,91.83,91.83,oil_spill_geo_12.jpg,25.098,-79.6737,20150316,Positive,Ships,VSL1035,Tanker,Greece,9000035,242.1,15.1,102875,98332,2001,Houston,Under way using engine
2015-03-16 10:00:00,900000113,Test Vessel 12-3,25.09655,-79.32601,12.69,91.02,91.02,oil_spill_geo_12.jpg,25.098,-79.6737,20150316,Positive,Ships,VSL1035,Tanker,Greece,9000035,242.1,15.1,102875,98332,2001,Houston,Under way using engine
2015-03-16 10:30:00,900000113,Test Vessel 12-3,25.077272,-79.214397,12.35,100.8,100.8,oil_spill_geo_12.jpg,25.098,-79.6737,20150316,Positive,Ships,VSL1035,Tanker,Greece,9000035,242.1,15.1,102875,98332,2001,Houston,Under way using engine
2015-03-16 11:00:00,900000113,Test Vessel 12-3,25.047636,-79.105244,12.39,106.69,106.69,oil_spill_geo_12.jpg,25.098,-79.6737,20150316,Positive,Ships,VSL1035,Tanker,Greece,9000035,242.1,15.1,102875,98332,2001,Houston,Under way using engine
2015-03-16 11:30:00,900000113,Test Vessel 12-3,25.015098,-78.996842,12.41,108.33,108.33,oil_spill_geo_12.jpg,25.098,-79.6737,20150316,Positive,Ships,VSL1035,Tanker,Greece,9000035,242.1,15.1,102875,98332,2001,Houston,Under way using engine
2015-03-16 12:00:00,900000113,Test Vessel 12-3,24.979637,-78.889968,12.38,110.11,110.11,oil_spill_geo_12.jpg,25.098,-79.6737,20150316,Positive,Ships,VSL1035,Tanker,Greece,9000035,242.1,15.1,102875,98332,2001,Houston,Under way using engine
2015-03-16 12:30:00,900000113,Test Vessel 12-3,24.93496,-78.788583,12.26,115.93,115.93,oil_spill_geo_12.jpg,25.098,-79.6737,20150316,Positive,Ships,VSL1035,Tanker,Greece,9000035,242.1,15.1,102875,98332,2001,Houston,Under way using engine
2015-03-16 13:00:00,900000113,Test Vessel 12-3,24.883846,-78.692717,12.1,120.46,120.46,oil_spill_geo_12.jpg,25.098,-79.6737,20150316,Positive,Ships,VSL1035,Tanker,Greece,9000035,242.1,15.1,102875,98332,2001,Houston,Under way using engine
2015-03-16 13:30:00,900000113,Test Vessel 12-3,24.834222,-78.598783,11.83,120.21,120.21,oil_spill_geo_12.jpg,25.098,-79.6737,20150316,Positive,Ships,VSL1035,Tanker,Greece,9000035,242.1,15.1,102875,98332,2001,Houston,Under way using engine
2015-03-16 14:00:00,900000113,Test Vessel 12-3,24.780319,-78.503858,12.19,122.03,122.03,oil_spill_geo_12.jpg,25.098,-79.6737,20150316,Positive,Ships,VSL1035,Tanker,Greece,9000035,242.1,15.1,102875,98332,2001,Houston,Under way using engine
2015-03-16 14:30:00,900000113,Test Vessel 12-3,24.727099,-78.409039,12.15,121.72,121.72,oil_spill_geo_12.jpg,25.098,-79.6737,20150316,Positive,Ships,VSL1035,Tanker,Greece,9000035,242.1,15.1,102875,98332,2001,Houston,Under way using engine
2015-03-16 15:00:00,900000113,Test Vessel 12-3,24.68095,-78.310461,12.09,117.27,117.27,oil_spill_geo_12.jpg,25.098,-79.6737,20150316,Positive,Ships,VSL1035,Tanker,Greece,9000035,242.1,15.1,102875,98332,2001,Houston,Under way using engine
2015-03-21 09:00:00,900000121,Test Vessel 13-1,57.070641,0.973059,8.66,66.66,66.66,oil_spill_geo_13.jpg,57.0271,0.8605,20150321,Positive,Ships,VSL1036,Tanker,Norway,9000036,185.5,22.2,131727,52607,2009,Port Klang,Under way using engine
2015-03-21 09:30:00,900000121,Test Vessel 13-1,57.092606,1.100474,8.72,72.4,72.4,oil_spill_geo_13.jpg,57.0271,0.8605,20150321,Positive,Ships,VSL1036,Tanker,Norway,9000036,185.5,22.2,131727,52607,2009,Port Klang,Under way using engine
2015-03-21 10:00:00,900000121,Test Vessel 13-1,57.115582,1.229106,8.83,71.8,71.8,oil_spill_geo_13.jpg,57.0271,0.8605,20150321,Positive,Ships,VSL1036,Tanker,Norway,9000036,185.5,22.2,131727,52607,2009,Port Klang,Under way using engine
2015-03-21 10:30:00,900000121,Test Vessel 13-1,57.138327,1.358402,8.86,72.05,72.05,oil_spill_geo_13.jpg,57.0271,0.8605,20150321,Positive,Ships,VSL1036,Tanker,Norway,9000036,185.5,22.2,131727,52607,2009,Port Klang,Under way using engine
2015-03-21 11:00:00,900000121,Test Vessel 13-1,57.162088,1.481473,8.51,70.41,70.41,oil_spill_geo_13.jpg,57.0271,0.8605,20150321,Positive,Ships,VSL1036,Tanker,Norway,9000036,185.5,22.2,131727,52607,2009,Port Klang,Under way using engine
2015-03-21 11:30:00,900000121,Test Vessel 13-1,57.193485,1.601456,8.67,64.24,64.24,oil_spill_geo_13.jpg,57.0271,0.8605,20150321,Positive,Ships,VSL1036,Tanker,Norway,9000036,185.5,22.2,131727,52607,2009,Port Klang,Under way using engine
2015-03-21 12:00:00,900000121,Test Vessel 13-1,57.225571,1.718355,8.52,63.13,63.13,oil_spill_geo_13.jpg,57.0271,0.8605,20150321,Positive,Ships,VSL1036,Tanker,Norway,9000036,185.5,22.2,131727,52607,2009,Port Klang,Under way using engine
2015-03-21 12:30:00,900000121,Test Vessel 13-1,57.258367,1.83812,8.72,63.17,63.17,oil_spill_geo_13.jpg,57.0271,0.8605,20150321,Positive,Ships,VSL1036,Tanker,Norway,9000036,185.5,22.2,131727,52607,2009,Port Klang,Under way using engine
2015-03-21 13:00:00,900000121,Test Vessel 13-1,57.289743,1.956477,8.55,63.89,63.89,oil_spill_geo_13.jpg,57.0271,0.8605,20150321,Positive,Ships,VSL1036,Tanker,Norway,9000036,185.5,22.2,131727,52607,2009,Port Klang,Under way using engine
2015-03-21 13:30:00,900000121,Test Vessel 13-1,57.316721,2.085141,8.95,68.79,68.79,oil_spill_geo_13.jpg,57.0271,0.8605,20150321,Positive,Ships,VSL1036,Tanker,Norway,9000036,185.5,22.2,131727,52607,2009,Port Klang,Under way using engine
2015-03-21 14:00:00,900000121,Test Vessel 13-1,57.34195,2.219095,9.19,70.77,70.77,oil_spill_geo_13.jpg,57.0271,0.8605,20150321,Positive,Ships,VSL1036,Tanker,Norway,9000036,185.5,22.2,131727,52607,2009,Port Klang,Under way using engine
2015-03-21 14:30:00,900000121,Test Vessel 13-1,57.361401,2.360914,9.48,75.74,75.74,oil_spill_geo_13.jpg,57.0271,0.8605,20150321,Positive,Ships,VSL1036,Tanker,Norway,9000036,185.5,22.2,131727,52607,2009,Port Klang,Under way using engine
2015-03-21 15:00:00,900000121,Test Vessel 13-1,57.377808,2.506486,9.63,78.2,78.2,oil_spill_geo_13.jpg,57.0271,0.8605,20150321,Positive,Ships,VSL1036,Tanker,Norway,9000036,185.5,22.2,131727,52607,2009,Port Klang,Under way using engine
2015-03-21 09:00:00,900000122,Test Vessel 13-2,57.051378,0.66302,12.81,280.31,280.31,oil_spill_geo_13.jpg,57.0271,0.8605,20150321,Positive,Ships,VSL1037,Container Ship,Malta,9000037,196.0,26.7,29477,51023,2003,Dubai,Under way using engine
2015-03-21 09:30:00,900000122,Test Vessel 13-2,57.077348,0.466697,13.19,283.67,283.67,oil_spill_geo_13.jpg,57.0271,0.8605,20150321,Positive,Ships,VSL1037,Container Ship,Malta,9000037,196.0,26.7,29477,51023,2003,Dubai,Under way using engine
2015-03-21 10:00:00,900000122,Test Vessel 13-2,57.100764,0.273676,12.9,282.58,282.58,oil_spill_geo_13.jpg,57.0271,0.8605,20150321,Positive,Ships,VSL1037,Container Ship,Malta,9000037,196.0,26.7,29477,51023,2003,Dubai,Under way using engine
2015-03-21 10:30:00,900000122,Test Vessel 13-2,57.122459,0.079454,12.92,281.62,281.62,oil_spill_geo_13.jpg,57.0271,0.8605,20150321,Positive,Ships,VSL1037,Container Ship,Malta,9000037,196.0,26.7,29477,51023,2003,Dubai,Under way using engine
2015-03-21 11:00:00,900000122,Test Vessel 13-2,57.145225,-0.118916,13.21,281.94,281.94,oil_spill_geo_13.jpg,57.0271,0.8605,20150321,Positive,Ships,VSL1037,Container Ship,Malta,9000037,196.0,26.7,29477,51023,2003,Dubai,Under way using engine
2015-03-21 11:30:00,900000122,Test Vessel 13-2,57.1654,-0.319732,13.3,280.49,280.49,oil_spill_geo_13.jpg,57.0271,0.8605,20150321,Positive,Ships,VSL1037,Container Ship,Malta,9000037,196.0,26.7,29477,51023,2003,Dubai,Under way using engine
2015-03-21 12:00:00,900000122,Test Vessel 13-2,57.178122,-0.524464,13.41,276.54,276.54,oil_spill_geo_13.jpg,57.0271,0.8605,20150321,Positive,Ships,VSL1037,Container Ship,Malta,9000037,196.0,26.7,29477,51023,2003,Dubai,Under way using engine
2015-03-21 12:30:00,900000122,Test Vessel 13-2,57.190689,-0.726399,13.22,276.55,276.55,oil_spill_geo_13.jpg,57.0271,0.8605,20150321,Positive,Ships,VSL1037,Container Ship,Malta,9000037,196.0,26.7,29477,51023,2003,Dubai,Under way using engine
2015-03-21 13:00:00,900000122,Test Vessel 13-2,57.201415,-0.928052,13.17,275.61,275.61,oil_spill_geo_13.jpg,57.0271,0.8605,20150321,Positive,Ships,VSL1037,Container Ship,Malta,9000037,196.0,26.7,29477,51023,2003,Dubai,Under way using engine
2015-03-21 13:30:00,900000122,Test Vessel 13-2,57.21037,-1.136892,13.62,274.53,274.53,oil_spill_geo_13.jpg,57.0271,0.8605,20150321,Positive,Ships,VSL1037,Container Ship,Malta,9000037,196.0,26.7,29477,51023,2003,Dubai,Under way using engine
2015-03-21 14:00:00,900000122,Test Vessel 13-2,57.21851,-1.344956,13.56,274.13,274.13,oil_spill_geo_13.jpg,57.0271,0.8605,20150321,Positive,Ships,VSL1037,Container Ship,Malta,9000037,196.0,26.7,29477,51023,2003,Dubai,Under way using engine
2015-03-21 14:30:00,900000122,Test Vessel 13-2,57.210261,-1.549601,13.33,265.74,265.74,oil_spill_geo_13.jpg,57.0271,0.8605,20150321,Positive,Ships,VSL1037,Container Ship,Malta,9000037,196.0,26.7,29477,51023,2003,Dubai,Under way using engine
2015-03-21 15:00:00,900000122,Test Vessel 13-2,57.200111,-1.751259,13.16,264.69,264.69,oil_spill_geo_13.jpg,57.0271,0.8605,20150321,Positive,Ships,VSL1037,Container Ship,Malta,9000037,196.0,26.7,29477,51023,2003,Dubai,Under way using engine
2015-03-21 09:00:00,900000123,Test Vessel 13-3,57.010384,0.74598,7.29,265.76,265.76,oil_spill_geo_13.jpg,57.0271,0.8605,20150321,Positive,Ships,VSL1038,Bulk Carrier,Bahamas,9000038,124.6,21.9,52522,131856,2005,Singapore,Under way using engine
2015-03-21 09:30:00,900000123,Test Vessel 13-3,57.005637,0.628078,7.72,265.77,265.77,oil_spill_geo_13.jpg,57.0271,0.8605,20150321,Positive,Ships,VSL1038,Bulk Carrier,Bahamas,9000038,124.6,21.9,52522,131856,2005,Singapore,Under way using engine
2015-03-21 10:00:00,900000123,Test Vessel 13-3,56.991576,0.520584,7.22,256.49,256.49,oil_spill_geo_13.jpg,57.0271,0.8605,20150321,Positive,Ships,VSL1038,Bulk Carrier,Bahamas,9000038,124.6,21.9,52522,131856,2005,Singapore,Under way using engine
2015-03-21 10:30:00,900000123,Test Vessel 13-3,56.975298,0.414133,7.23,254.32,254.32,oil_spill_geo_13.jpg,57.0271,0.8605,20150321,Positive,Ships,VSL1038,Bulk Carrier,Bahamas,9000038,124.6,21.9,52522,131856,2005,Singapore,Under way using engine
2015-03-21 11:00:00,900000123,Test Vessel 13-3,56.961611,0.304651,7.35,257.08,257.08,oil_spill_geo_13.jpg,57.0271,0.8605,20150321,Positive,Ships,VSL1038,Bulk Carrier,Bahamas,9000038,124.6,21.9,52522,131856,2005,Singapore,Under way using engine
2015-03-21 11:30:00,900000123,Test Vessel 13-3,56.945798,0.192152,7.6,255.54,255.54,oil_spill_geo_13.jpg,57.0271,0.8605,20150321,Positive,Ships,VSL1038,Bulk Carrier,Bahamas,9000038,124.6,21.9,52522,131856,2005,Singapore,Under way using engine
2015-03-21 12:00:00,900000123,Test Vessel 13-3,56.934365,0.077216,7.65,259.66,259.66,oil_spill_geo_13.jpg,57.0271,0.8605,20150321,Positive,Ships,VSL1038,Bulk Carrier,Bahamas,9000038,124.6,21.9,52522,131856,2005,Singapore,Under way using engine
2015-03-21 12:30:00,900000123,Test Vessel 13-3,56.927104,-0.039867,7.72,263.51,263.51,oil_spill_geo_13.jpg,57.0271,0.8605,20150321,Positive,Ships,VSL1038,Bulk Carrier,Bahamas,9000038,124.6,21.9,52522,131856,2005,Singapore,Under way using engine
2015-03-21 13:00:00,900000123,Test Vessel 13-3,56.917124,-0.158949,7.89,261.27,261.27,oil_spill_geo_13.jpg,57.0271,0.8605,20150321,Positive,Ships,VSL1038,Bulk Carrier,Bahamas,9000038,124.6,21.9,52522,131856,2005,Singapore,Under way using engine
2015-03-21 13:30:00,900000123,Test Vessel 13-3,56.907646,-0.278142,7.89,261.71,261.71,oil_spill_geo_13.jpg,57.0271,0.8605,20150321,Positive,Ships,VSL1038,Bulk Carrier,Bahamas,9000038,124.6,21.9,52522,131856,2005,Singapore,Under way using engine
2015-03-21 14:00:00,900000123,Test Vessel 13-3,56.90511,-0.389114,7.28,267.6,267.6,oil_spill_geo_13.jpg,57.0271,0.8605,20150321,Positive,Ships,VSL1038,Bulk Carrier,Bahamas,9000038,124.6,21.9,52522,131856,2005,Singapore,Under way using engine
2015-03-21 14:30:00,900000123,Test Vessel 13-3,56.896946,-0.494592,6.98,261.93,261.93,oil_spill_geo_13.jpg,57.0271,0.8605,20150321,Positive,Ships,VSL1038,Bulk Carrier,Bahamas,9000038,124.6,21.9,52522,131856,2005,Singapore,Under way using engine
2015-03-21 15:00:00,900000123,Test Vessel 13-3,56.887413,-0.598675,6.92,260.48,260.48,oil_spill_geo_13.jpg,57.0271,0.8605,20150321,Positive,Ships,VSL1038,Bulk Carrier,Bahamas,9000038,124.6,21.9,52522,131856,2005,Singapore,Under way using engine
2015-04-03 09:00:00,900000131,Test Vessel 14-1,-22.741653,-40.405792,12.35,205.53,205.53,oil_spill_geo_14.jpg,-22.6558,-40.3597,20150403,Positive,Ships,VSL1039,Tanker,United Kingdom,9000039,315.4,10.3,8047,71310,2004,Mumbai,Under way using engine
2015-04-03 09:30:00,900000131,Test Vessel 14-1,-22.833458,-40.450278,12.07,204.08,204.08,oil_spill_geo_14.jpg,-22.6558,-40.3597,20150403,Positive,Ships,VSL1039,Tanker,United Kingdom,9000039,315.4,10.3,8047,71310,2004,Mumbai,Under way using engine
2015-04-03 10:00:00,900000131,Test Vessel 14-1,-22.929666,-40.481095,12.04,196.45,196.45,oil_spill_geo_14.jpg,-22.6558,-40.3597,20150403,Positive,Ships,VSL1039,Tanker,United Kingdom,9000039,315.4,10.3,8047,71310,2004,Mumbai,Under way using engine
2015-04-03 10:30:00,900000131,Test Vessel 14-1,-23.027444,-40.504545,12.02,192.46,192.46,oil_spill_geo_14.jpg,-22.6558,-40.3597,20150403,Positive,Ships,VSL1039,Tanker,United Kingdom,9000039,315.4,10.3,8047,71310,2004,Mumbai,Under way using engine
2015-04-03 11:00:00,900000131,Test Vessel 14-1,-23.125442,-40.515841,11.83,186.06,186.06,oil_spill_geo_14.jpg,-22.6558,-40.3597,20150403,Positive,Ships,VSL1039,Tanker,United Kingdom,9000039,315.4,10.3,8047,71310,2004,Mumbai,Under way using engine
2015-04-03 11:30:00,900000131,Test Vessel 14-1,-23.224085,-40.528345,11.92,186.65,186.65,oil_spill_geo_14.jpg,-22.6558,-40.3597,20150403,Positive,Ships,VSL1039,Tanker,United Kingdom,9000039,315.4,10.3,8047,71310,2004,Mumbai,Under way using engine
2015-04-03 12:00:00,900000131,Test Vessel 14-1,-23.319629,-40.543549,11.59,188.32,188.32,oil_spill_geo_14.jpg,-22.6558,-40.3597,20150403,Positive,Ships,VSL1039,Tanker,United Kingdom,9000039,315.4,10.3,8047,71310,2004,Mumbai,Under way using engine
2015-04-03 12:30:00,900000131,Test Vessel 14-1,-23.412537,-40.564571,11.39,191.74,191.74,oil_spill_geo_14.jpg,-22.6558,-40.3597,20150403,Positive,Ships,VSL1039,Tanker,United Kingdom,9000039,315.4,10.3,8047,71310,2004,Mumbai,Under way using engine
2015-04-03 13:00:00,900000131,Test Vessel 14-1,-23.504481,-40.590053,11.38,194.27,194.27,oil_spill_geo_14.jpg,-22.6558,-40.3597,20150403,Positive,Ships,VSL1039,Tanker,United Kingdom,9000039,315.4,10.3,8047,71310,2004,Mumbai,Under way using engine
2015-04-03 13:30:00,900000131,Test Vessel 14-1,-23.597593,-40.605707,11.31,188.76,188.76,oil_spill_geo_14.jpg,-22.6558,-40.3597,20150403,Positive,Ships,VSL1039,Tanker,United Kingdom,9000039,315.4,10.3,8047,71310,2004,Mumbai,Under way using engine
2015-04-03 14:00:00,900000131,Test Vessel 14-1,-23.691565,-40.624205,11.46,190.23,190.23,oil_spill_geo_14.jpg,-22.6558,-40.3597,20150403,Positive,Ships,VSL1039,Tanker,United Kingdom,9000039,315.4,10.3,8047,71310,2004,Mumbai,Under way using engine
2015-04-03 14:30:00,900000131,Test Vessel 14-1,-23.788845,-40.64229,11.84,189.66,189.66,oil_spill_geo_14.jpg,-22.6558,-40.3597,20150403,Positive,Ships,VSL1039,Tanker,United Kingdom,9000039,315.4,10.3,8047,71310,2004,Mumbai,Under way using engine
2015-04-03 15:00:00,900000131,Test Vessel 14-1,-23.884202,-40.667678,11.78,193.69,193.69,oil_spill_geo_14.jpg,-22.6558,-40.3597,20150403,Positive,Ships,VSL1039,Tanker,United Kingdom,9000039,315.4,10.3,8047,71310,2004,Mumbai,Under way using engine
2015-04-03 09:00:00,900000132,Test Vessel 14-2,-22.72188,-40.397652,7.13,207.17,207.17,oil_spill_geo_14.jpg,-22.6558,-40.3597,20150403,Positive,Ships,VSL1040,Offshore Supply Vessel,India,9000040,299.3,13.1,3575,154575,2002,Rotterdam,Under way using engine
2015-04-03 09:30:00,900000132,Test Vessel 14-2,-22.774065,-40.421595,6.8,202.94,202.94,oil_spill_geo_14.jpg,-22.6558,-40.3597,20150403,Positive,Ships,VSL1040,Offshore Supply Vessel,India,9000040,299.3,13.1,3575,154575,2002,Rotterdam,Under way using engine
2015-04-03 10:00:00,900000132,Test Vessel 14-2,-22.827787,-40.443954,6.91,200.99,200.99,oil_spill_geo_14.jpg,-22.6558,-40.3597,20150403,Positive,Ships,VSL1040,Offshore Supply Vessel,India,9000040,299.3,13.1,3575,154575,2002,Rotterdam,Under way using engine
2015-04-03 10:30:00,900000132,Test Vessel 14-2,-22.880387,-40.465386,6.74,200.58,200.58,oil_spill_geo_14.jpg,-22.6558,-40.3597,20150403,Positive,Ships,VSL1040,Offshore Supply Vessel,India,9000040,299.3,13.1,3575,154575,2002,Rotterdam,Under way using engine
2015-04-03 11:00:00,900000132,Test Vessel 14-2,-22.932445,-40.483623,6.56,197.89,197.89,oil_spill_geo_14.jpg,-22.6558,-40.3597,20150403,Positive,Ships,VSL1040,Offshore Supply Vessel,India,9000040,299.3,13.1,3575,154575,2002,Rotterdam,Under way using engine
2015-04-03 11:30:00,900000132,Test Vessel 14-2,-22.990041,-40.499644,7.13,194.37,194.37,oil_spill_geo_14.jpg,-22.6558,-40.3597,20150403,Positive,Ships,VSL1040,Offshore Supply Vessel,India,9000040,299.3,13.1,3575,154575,2002,Rotterdam,Under way using engine
2015-04-03 12:00:00,900000132,Test Vessel 14-2,-23.049098,-40.517507,7.36,195.56,195.56,oil_spill_geo_14.jpg,-22.6558,-40.3597,20150403,Positive,Ships,VSL1040,Offshore Supply Vessel,India,9000040,299.3,13.1,3575,154575,2002,Rotterdam,Under way using engine
2015-04-03 12:30:00,900000132,Test Vessel 14-2,-23.108305,-40.533076,7.31,193.6,193.6,oil_spill_geo_14.jpg,-22.6558,-40.3597,20150403,Positive,Ships,VSL1040,Offshore Supply Vessel,India,9000040,299.3,13.1,3575,154575,2002,Rotterdam,Under way using engine
2015-04-03 13:00:00,900000132,Test Vessel 14-2,-23.162725,-40.544308,6.65,190.75,190.75,oil_spill_geo_14.jpg,-22.6558,-40.3597,20150403,Positive,Ships,VSL1040,Offshore Supply Vessel,India,9000040,299.3,13.1,3575,154575,2002,Rotterdam,Under way using engine
2015-04-03 13:30:00,900000132,Test Vessel 14-2,-23.214129,-40.549433,6.19,185.24,185.24,oil_spill_geo_14.jpg,-22.6558,-40.3597,20150403,Positive,Ships,VSL1040,Offshore Supply Vessel,India,9000040,299.3,13.1,3575,154575,2002,Rotterdam,Under way using engine
2015-04-03 14:00:00,900000132,Test Vessel 14-2,-23.263152,-40.545925,5.9,176.24,176.24,oil_spill_geo_14.jpg,-22.6558,-40.3597,20150403,Positive,Ships,VSL1040,Offshore Supply Vessel,India,9000040,299.3,13.1,3575,154575,2002,Rotterdam,Under way using engine
2015-04-03 14:30:00,900000132,Test Vessel 14-2,-23.312171,-40.547357,5.88,181.54,181.54,oil_spill_geo_14.jpg,-22.6558,-40.3597,20150403,Positive,Ships,VSL1040,Offshore Supply Vessel,India,9000040,299.3,13.1,3575,154575,2002,Rotterdam,Under way using engine
2015-04-03 15:00:00,900000132,Test Vessel 14-2,-23.361723,-40.553695,5.99,186.7,186.7,oil_spill_geo_14.jpg,-22.6558,-40.3597,20150403,Positive,Ships,VSL1040,Offshore Supply Vessel,India,9000040,299.3,13.1,3575,154575,2002,Rotterdam,Under way using engine
2015-04-03 09:00:00,900000133,Test Vessel 14-3,-22.693904,-40.328745,8.06,142.15,142.15,oil_spill_geo_14.jpg,-22.6558,-40.3597,20150403,Positive,Ships,VSL1041,Fishing Vessel,Singapore,9000041,114.8,18.4,24267,40104,2020,Fujairah,Under way using engine
2015-04-03 09:30:00,900000133,Test Vessel 14-3,-22.747564,-40.287125,7.92,144.41,144.41,oil_spill_geo_14.jpg,-22.6558,-40.3597,20150403,Positive,Ships,VSL1041,Fishing Vessel,Singapore,9000041,114.8,18.4,24267,40104,2020,Fujairah,Under way using engine
2015-04-03 10:00:00,900000133,Test Vessel 14-3,-22.796164,-40.242783,7.62,139.92,139.92,oil_spill_geo_14.jpg,-22.6558,-40.3597,20150403,Positive,Ships,VSL1041,Fishing Vessel,Singapore,9000041,114.8,18.4,24267,40104,2020,Fujairah,Under way using engine
2015-04-03 10:30:00,900000133,Test Vessel 14-3,-22.845535,-40.198272,7.7,140.27,140.27,oil_spill_geo_14.jpg,-22.6558,-40.3597,20150403,Positive,Ships,VSL1041,Fishing Vessel,Singapore,9000041,114.8,18.4,24267,40104,2020,Fujairah,Under way using engine
2015-04-03 11:00:00,900000133,Test Vessel 14-3,-22.892602,-40.15081,7.71,137.1,137.1,oil_spill_geo_14.jpg,-22.6558,-40.3597,20150403,Positive,Ships,VSL1041,Fishing Vessel,Singapore,9000041,114.8,18.4,24267,40104,2020,Fujairah,Under way using engine
2015-04-03 11:30:00,900000133,Test Vessel 14-3,-22.94235,-40.104493,7.86,139.38,139.38,oil_spill_geo_14.jpg,-22.6558,-40.3597,20150403,Positive,Ships,VSL1041,Fishing Vessel,Singapore,9000041,114.8,18.4,24267,40104,2020,Fujairah,Under way using engine
2015-04-03 12:00:00,900000133,Test Vessel 14-3,-22.998615,-40.062639,8.18,145.59,145.59,oil_spill_geo_14.jpg,-22.6558,-40.3597,20150403,Positive,Ships,VSL1041,Fishing Vessel,Singapore,9000041,114.8,18.4,24267,40104,2020,Fujairah,Under way using engine
2015-04-03 12:30:00,900000133,Test Vessel 14-3,-23.054799,-40.014234,8.6,141.58,141.58,oil_spill_geo_14.jpg,-22.6558,-40.3597,20150403,Positive,Ships,VSL1041,Fishing Vessel,Singapore,9000041,114.8,18.4,24267,40104,2020,Fujairah,Under way using engine
2015-04-03 13:00:00,900000133,Test Vessel 14-3,-23.110947,-39.96204,8.87,139.46,139.46,oil_spill_geo_14.jpg,-22.6558,-40.3597,20150403,Positive,Ships,VSL1041,Fishing Vessel,Singapore,9000041,114.8,18.4,24267,40104,2020,Fujairah,Under way using engine
2015-04-03 13:30:00,900000133,Test Vessel 14-3,-23.166668,-39.910719,8.76,139.73,139.73,oil_spill_geo_14.jpg,-22.6558,-40.3597,20150403,Positive,Ships,VSL1041,Fishing Vessel,Singapore,9000041,114.8,18.4,24267,40104,2020,Fujairah,Under way using engine
2015-04-03 14:00:00,900000133,Test Vessel 14-3,-23.215762,-39.852443,8.72,132.5,132.5,oil_spill_geo_14.jpg,-22.6558,-40.3597,20150403,Positive,Ships,VSL1041,Fishing Vessel,Singapore,9000041,114.8,18.4,24267,40104,2020,Fujairah,Under way using engine
2015-04-03 14:30:00,900000133,Test Vessel 14-3,-23.259937,-39.786918,8.96,126.26,126.26,oil_spill_geo_14.jpg,-22.6558,-40.3597,20150403,Positive,Ships,VSL1041,Fishing Vessel,Singapore,9000041,114.8,18.4,24267,40104,2020,Fujairah,Under way using engine
2015-04-03 15:00:00,900000133,Test Vessel 14-3,-23.309111,-39.728157,8.76,132.33,132.33,oil_spill_geo_14.jpg,-22.6558,-40.3597,20150403,Positive,Ships,VSL1041,Fishing Vessel,Singapore,9000041,114.8,18.4,24267,40104,2020,Fujairah,Under way using engine
2015-04-03 09:00:00,900000141,Test Vessel 15-1,-22.548278,-40.089666,8.55,115.3,115.3,oil_spill_geo_15.jpg,-22.5226,-40.161,20150403,Positive,Ships,VSL1042,Tanker,Liberia,9000042,185.2,10.9,130834,60178,2004,Colombo,Under way using engine
2015-04-03 09:30:00,900000141,Test Vessel 15-1,-22.57736,-40.01681,8.8,113.37,113.37,oil_spill_geo_15.jpg,-22.5226,-40.161,20150403,Positive,Ships,VSL1042,Tanker,Liberia,9000042,185.2,10.9,130834,60178,2004,Colombo,Under way using engine
2015-04-03 10:00:00,900000141,Test Vessel 15-1,-22.607567,-39.942511,9.0,113.76,113.76,oil_spill_geo_15.jpg,-22.5226,-40.161,20150403,Positive,Ships,VSL1042,Tanker,Liberia,9000042,185.2,10.9,130834,60178,2004,Colombo,Under way using engine
2015-04-03 10:30:00,900000141,Test Vessel 15-1,-22.63558,-39.867315,8.98,111.98,111.98,oil_spill_geo_15.jpg,-22.5226,-40.161,20150403,Positive,Ships,VSL1042,Tanker,Liberia,9000042,185.2,10.9,130834,60178,2004,Colombo,Under way using engine
2015-04-03 11:00:00,900000141,Test Vessel 15-1,-22.662393,-39.793616,8.77,111.51,111.51,oil_spill_geo_15.jpg,-22.5226,-40.161,20150403,Positive,Ships,VSL1042,Tanker,Liberia,9000042,185.2,10.9,130834,60178,2004,Colombo,Under way using engine
2015-04-03 11:30:00,900000141,Test Vessel 15-1,-22.692874,-39.719985,8.94,114.16,114.16,oil_spill_geo_15.jpg,-22.5226,-40.161,20150403,Positive,Ships,VSL1042,Tanker,Liberia,9000042,185.2,10.9,130834,60178,2004,Colombo,Under way using engine
2015-04-03 12:00:00,900000141,Test Vessel 15-1,-22.727575,-39.644665,9.32,116.54,116.54,oil_spill_geo_15.jpg,-22.5226,-40.161,20150403,Positive,Ships,VSL1042,Tanker,Liberia,9000042,185.2,10.9,130834,60178,2004,Colombo,Under way using engine
2015-04-03 12:30:00,900000141,Test Vessel 15-1,-22.7687,-39.574226,9.23,122.33,122.33,oil_spill_geo_15.jpg,-22.5226,-40.161,20150403,Positive,Ships,VSL1042,Tanker,Liberia,9000042,185.2,10.9,130834,60178,2004,Colombo,Under way using engine
2015-04-03 13:00:00,900000141,Test Vessel 15-1,-22.81078,-39.506122,9.07,123.83,123.83,oil_spill_geo_15.jpg,-22.5226,-40.161,20150403,Positive,Ships,VSL1042,Tanker,Liberia,9000042,185.2,10.9,130834,60178,2004,Colombo,Under way using engine
2015-04-03 13:30:00,900000141,Test Vessel 15-1,-22.852265,-39.439197,8.92,123.92,123.92,oil_spill_geo_15.jpg,-22.5226,-40.161,20150403,Positive,Ships,VSL1042,Tanker,Liberia,9000042,185.2,10.9,130834,60178,2004,Colombo,Under way using engine
2015-04-03 14:00:00,900000141,Test Vessel 15-1,-22.900938,-39.377133,9.01,130.4,130.4,oil_spill_geo_15.jpg,-22.5226,-40.161,20150403,Positive,Ships,VSL1042,Tanker,Liberia,9000042,185.2,10.9,130834,60178,2004,Colombo,Under way using engine
2015-04-03 14:30:00,900000141,Test Vessel 15-1,-22.950318,-39.312168,9.31,129.53,129.53,oil_spill_geo_15.jpg,-22.5226,-40.161,20150403,Positive,Ships,VSL1042,Tanker,Liberia,9000042,185.2,10.9,130834,60178,2004,Colombo,Under way using engine
2015-04-03 15:00:00,900000141,Test Vessel 15-1,-22.987946,-39.243741,8.81,120.84,120.84,oil_spill_geo_15.jpg,-22.5226,-40.161,20150403,Positive,Ships,VSL1042,Tanker,Liberia,9000042,185.2,10.9,130834,60178,2004,Colombo,Under way using engine
2015-04-03 09:00:00,900000142,Test Vessel 15-2,-22.507614,-40.250323,8.48,283.1,283.1,oil_spill_geo_15.jpg,-22.5226,-40.161,20150403,Positive,Ships,VSL1043,Cargo,Panama,9000043,157.3,22.1,5248,29860,2004,Durban,Under way using engine
2015-04-03 09:30:00,900000142,Test Vessel 15-2,-22.487571,-40.324049,8.52,286.4,286.4,oil_spill_geo_15.jpg,-22.5226,-40.161,20150403,Positive,Ships,VSL1043,Cargo,Panama,9000043,157.3,22.1,5248,29860,2004,Durban,Under way using engine
2015-04-03 10:00:00,900000142,Test Vessel 15-2,-22.469833,-40.397534,8.42,284.64,284.64,oil_spill_geo_15.jpg,-22.5226,-40.161,20150403,Positive,Ships,VSL1043,Cargo,Panama,9000043,157.3,22.1,5248,29860,2004,Durban,Under way using engine
2015-04-03 10:30:00,900000142,Test Vessel 15-2,-22.462288,-40.473619,8.49,276.12,276.12,oil_spill_geo_15.jpg,-22.5226,-40.161,20150403,Positive,Ships,VSL1043,Cargo,Panama,9000043,157.3,22.1,5248,29860,2004,Durban,Under way using engine
2015-04-03 11:00:00,900000142,Test Vessel 15-2,-22.451152,-40.545583,8.09,279.51,279.51,oil_spill_geo_15.jpg,-22.5226,-40.161,20150403,Positive,Ships,VSL1043,Cargo,Panama,9000043,157.3,22.1,5248,29860,2004,Durban,Under way using engine
2015-04-03 11:30:00,900000142,Test Vessel 15-2,-22.443384,-40.61543,7.8,276.86,276.86,oil_spill_geo_15.jpg,-22.5226,-40.161,20150403,Positive,Ships,VSL1043,Cargo,Panama,9000043,157.3,22.1,5248,29860,2004,Durban,Under way using engine
2015-04-03 12:00:00,900000142,Test Vessel 15-2,-22.439976,-40.685801,7.82,273.0,273.0,oil_spill_geo_15.jpg,-22.5226,-40.161,20150403,Positive,Ships,VSL1043,Cargo,Panama,9000043,157.3,22.1,5248,29860,2004,Durban,Under way using engine
2015-04-03 12:30:00,900000142,Test Vessel 15-2,-22.446154,-40.75734,7.97,264.66,264.66,oil_spill_geo_15.jpg,-22.5226,-40.161,20150403,Positive,Ships,VSL1043,Cargo,Panama,9000043,157.3,22.1,5248,29860,2004,Durban,Under way using engine
2015-04-03 13:00:00,900000142,Test Vessel 15-2,-22.448824,-40.828569,7.91,267.68,267.68,oil_spill_geo_15.jpg,-22.5226,-40.161,20150403,Positive,Ships,VSL1043,Cargo,Panama,9000043,157.3,22.1,5248,29860,2004,Durban,Under way using engine
2015-04-03 13:30:00,900000142,Test Vessel 15-2,-22.462359,-40.896041,7.66,257.75,257.75,oil_spill_geo_15.jpg,-22.5226,-40.161,20150403,Positive,Ships,VSL1043,Cargo,Panama,9000043,157.3,22.1,5248,29860,2004,Durban,Under way using engine
2015-04-03 14:00:00,900000142,Test Vessel 15-2,-22.469745,-40.958317,6.96,262.69,262.69,oil_spill_geo_15.jpg,-22.5226,-40.161,20150403,Positive,Ships,VSL1043,Cargo,Panama,9000043,157.3,22.1,5248,29860,2004,Durban,Under way using engine
2015-04-03 14:30:00,900000142,Test Vessel 15-2,-22.478154,-41.017754,6.67,261.3,261.3,oil_spill_geo_15.jpg,-22.5226,-40.161,20150403,Positive,Ships,VSL1043,Cargo,Panama,9000043,157.3,22.1,5248,29860,2004,Durban,Under way using engine
2015-04-03 15:00:00,900000142,Test Vessel 15-2,-22.483331,-41.076097,6.5,264.51,264.51,oil_spill_geo_15.jpg,-22.5226,-40.161,20150403,Positive,Ships,VSL1043,Cargo,Panama,9000043,157.3,22.1,5248,29860,2004,Durban,Under way using engine
2015-04-03 09:00:00,900000143,Test Vessel 15-3,-22.499899,-40.197101,4.84,316.26,316.26,oil_spill_geo_15.jpg,-22.5226,-40.161,20150403,Positive,Ships,VSL1044,Container Ship,Marshall Islands,9000044,233.0,39.6,79173,86574,2016,Piraeus,Under way using engine
2015-04-03 09:30:00,900000143,Test Vessel 15-3,-22.469745,-40.223506,4.65,321.03,321.03,oil_spill_geo_15.jpg,-22.5226,-40.161,20150403,Positive,Ships,VSL1044,Container Ship,Marshall Islands,9000044,233.0,39.6,79173,86574,2016,Piraeus,Under way using engine
2015-04-03 10:00:00,900000143,Test Vessel 15-3,-22.440604,-40.25113,4.65,318.78,318.78,oil_spill_geo_15.jpg,-22.5226,-40.161,20150403,Positive,Ships,VSL1044,Container Ship,Marshall Islands,9000044,233.0,39.6,79173,86574,2016,Piraeus,Under way using engine
2015-04-03 10:30:00,900000143,Test Vessel 15-3,-22.414094,-40.282396,4.71,312.53,312.53,oil_spill_geo_15.jpg,-22.5226,-40.161,20150403,Positive,Ships,VSL1044,Container Ship,Marshall Islands,9000044,233.0,39.6,79173,86574,2016,Piraeus,Under way using engine
2015-04-03 11:00:00,900000143,Test Vessel 15-3,-22.385252,-40.312105,4.78,316.4,316.4,oil_spill_geo_15.jpg,-22.5226,-40.161,20150403,Positive,Ships,VSL1044,Container Ship,Marshall Islands,9000044,233.0,39.6,79173,86574,2016,Piraeus,Under way using engine
2015-04-03 11:30:00,900000143,Test Vessel 15-3,-22.359793,-40.344865,4.75,310.05,310.05,oil_spill_geo_15.jpg,-22.5226,-40.161,20150403,Positive,Ships,VSL1044,Container Ship,Marshall Islands,9000044,233.0,39.6,79173,86574,2016,Piraeus,Under way using engine
2015-04-03 12:00:00,900000143,Test Vessel 15-3,-22.335469,-40.373056,4.28,313.01,313.01,oil_spill_geo_15.jpg,-22.5226,-40.161,20150403,Positive,Ships,VSL1044,Container Ship,Marshall Islands,9000044,233.0,39.6,79173,86574,2016,Piraeus,Under way using engine
2015-04-03 12:30:00,900000143,Test Vessel 15-3,-22.312026,-40.404674,4.5,308.71,308.71,oil_spill_geo_15.jpg,-22.5226,-40.161,20150403,Positive,Ships,VSL1044,Container Ship,Marshall Islands,9000044,233.0,39.6,79173,86574,2016,Piraeus,Under way using engine
2015-04-03 13:00:00,900000143,Test Vessel 15-3,-22.287486,-40.436517,4.6,309.8,309.8,oil_spill_geo_15.jpg,-22.5226,-40.161,20150403,Positive,Ships,VSL1044,Container Ship,Marshall Islands,9000044,233.0,39.6,79173,86574,2016,Piraeus,Under way using engine
2015-04-03 13:30:00,900000143,Test Vessel 15-3,-22.258623,-40.465369,4.72,317.23,317.23,oil_spill_geo_15.jpg,-22.5226,-40.161,20150403,Positive,Ships,VSL1044,Container Ship,Marshall Islands,9000044,233.0,39.6,79173,86574,2016,Piraeus,Under way using engine
2015-04-03 14:00:00,900000143,Test Vessel 15-3,-22.224246,-40.496686,5.4,319.86,319.86,oil_spill_geo_15.jpg,-22.5226,-40.161,20150403,Positive,Ships,VSL1044,Container Ship,Marshall Islands,9000044,233.0,39.6,79173,86574,2016,Piraeus,Under way using engine
2015-04-03 14:30:00,900000143,Test Vessel 15-3,-22.191561,-40.527369,5.2,319.01,319.01,oil_spill_geo_15.jpg,-22.5226,-40.161,20150403,Positive,Ships,VSL1044,Container Ship,Marshall Islands,9000044,233.0,39.6,79173,86574,2016,Piraeus,Under way using engine
2015-04-03 15:00:00,900000143,Test Vessel 15-3,-22.157335,-40.557602,5.31,320.72,320.72,oil_spill_geo_15.jpg,-22.5226,-40.161,20150403,Positive,Ships,VSL1044,Container Ship,Marshall Islands,9000044,233.0,39.6,79173,86574,2016,Piraeus,Under way using engine
2015-04-03 09:00:00,900000151,Test Vessel 16-1,-22.314887,-40.321794,5.59,342.21,342.21,oil_spill_geo_16.jpg,-22.3603,-40.3212,20150403,Positive,Ships,VSL1045,Tanker,Greece,9000045,300.7,45.9,33445,114818,2001,Houston,Under way using engine
2015-04-03 09:30:00,900000151,Test Vessel 16-1,-22.271122,-40.337377,5.53,341.77,341.77,oil_spill_geo_16.jpg,-22.3603,-40.3212,20150403,Positive,Ships,VSL1045,Tanker,Greece,9000045,300.7,45.9,33445,114818,2001,Houston,Under way using engine
2015-04-03 10:00:00,900000151,Test Vessel 16-1,-22.229412,-40.350285,5.21,344.02,344.02,oil_spill_geo_16.jpg,-22.3603,-40.3212,20150403,Positive,Ships,VSL1045,Tanker,Greece,9000045,300.7,45.9,33445,114818,2001,Houston,Under way using engine
2015-04-03 10:30:00,900000151,Test Vessel 16-1,-22.183564,-40.36316,5.68,345.43,345.43,oil_spill_geo_16.jpg,-22.3603,-40.3212,20150403,Positive,Ships,VSL1045,Tanker,Greece,9000045,300.7,45.9,33445,114818,2001,Houston,Under way using engine
2015-04-03 11:00:00,900000151,Test Vessel 16-1,-22.138117,-40.374227,5.59,347.29,347.29,oil_spill_geo_16.jpg,-22.3603,-40.3212,20150403,Positive,Ships,VSL1045,Tanker,Greece,9000045,300.7,45.9,33445,114818,2001,Houston,Under way using engine
2015-04-03 11:30:00,900000151,Test Vessel 16-1,-22.093888,-40.386785,5.49,345.26,345.26,oil_spill_geo_16.jpg,-22.3603,-40.3212,20150403,Positive,Ships,VSL1045,Tanker,Greece,9000045,300.7,45.9,33445,114818,2001,Houston,Under way using engine
2015-04-03 12:00:00,900000151,Test Vessel 16-1,-22.050629,-40.399953,5.39,344.25,344.25,oil_spill_geo_16.jpg,-22.3603,-40.3212,20150403,Positive,Ships,VSL1045,Tanker,Greece,9000045,300.7,45.9,33445,114818,2001,Houston,Under way using engine
2015-04-03 12:30:00,900000151,Test Vessel 16-1,-22.01021,-40.409291,4.96,347.91,347.91,oil_spill_geo_16.jpg,-22.3603,-40.3212,20150403,Positive,Ships,VSL1045,Tanker,Greece,9000045,300.7,45.9,33445,114818,2001,Houston,Under way using engine
2015-04-03 13:00:00,900000151,Test Vessel 16-1,-21.970126,-40.415858,4.87,351.36,351.36,oil_spill_geo_16.jpg,-22.3603,-40.3212,20150403,Positive,Ships,VSL1045,Tanker,Greece,9000045,300.7,45.9,33445,114818,2001,Houston,Under way using engine
2015-04-03 13:30:00,900000151,Test Vessel 16-1,-21.932225,-40.420971,4.58,352.87,352.87,oil_spill_geo_16.jpg,-22.3603,-40.3212,20150403,Positive,Ships,VSL1045,Tanker,Greece,9000045,300.7,45.9,33445,114818,2001,Houston,Under way using engine
2015-04-03 14:00:00,900000151,Test Vessel 16-1,-21.891454,-40.422364,4.89,358.18,358.18,oil_spill_geo_16.jpg,-22.3603,-40.3212,20150403,Positive,Ships,VSL1045,Tanker,Greece,9000045,300.7,45.9,33445,114818,2001,Houston,Under way using engine
2015-04-03 14:30:00,900000151,Test Vessel 16-1,-21.853842,-40.420932,4.52,2.02,2.02,oil_spill_geo_16.jpg,-22.3603,-40.3212,20150403,Positive,Ships,VSL1045,Tanker,Greece,9000045,300.7,45.9,33445,114818,2001,Houston,Under way using engine
2015-04-03 15:00:00,900000151,Test Vessel 16-1,-21.81553,-40.417074,4.62,5.34,5.34,oil_spill_geo_16.jpg,-22.3603,-40.3212,20150403,Positive,Ships,VSL1045,Tanker,Greece,9000045,300.7,45.9,33445,114818,2001,Houston,Under way using engine
2015-04-03 09:00:00,900000152,Test Vessel 16-2,-22.322406,-40.418327,9.98,287.19,287.19,oil_spill_geo_16.jpg,-22.3603,-40.3212,20150403,Positive,Ships,VSL1046,Chemical Tanker,Norway,9000046,294.9,21.1,117845,27430,2022,Port Klang,Under way using engine
2015-04-03 09:30:00,900000152,Test Vessel 16-2,-22.288779,-40.503603,10.29,293.09,293.09,oil_spill_geo_16.jpg,-22.3603,-40.3212,20150403,Positive,Ships,VSL1046,Chemical Tanker,Norway,9000046,294.9,21.1,117845,27430,2022,Port Klang,Under way using engine
2015-04-03 10:00:00,900000152,Test Vessel 16-2,-22.271641,-40.593681,10.21,281.62,281.62,oil_spill_geo_16.jpg,-22.3603,-40.3212,20150403,Positive,Ships,VSL1046,Chemical Tanker,Norway,9000046,294.9,21.1,117845,27430,2022,Port Klang,Under way using engine
2015-04-03 10:30:00,900000152,Test Vessel 16-2,-22.256156,-40.680083,9.77,280.96,280.96,oil_spill_geo_16.jpg,-22.3603,-40.3212,20150403,Positive,Ships,VSL1046,Chemical Tanker,Norway,9000046,294.9,21.1,117845,27430,2022,Port Klang,Under way using engine
2015-04-03 11:00:00,900000152,Test Vessel 16-2,-22.239635,-40.76912,10.09,281.34,281.34,oil_spill_geo_16.jpg,-22.3603,-40.3212,20150403,Positive,Ships,VSL1046,Chemical Tanker,Norway,9000046,294.9,21.1,117845,27430,2022,Port Klang,Under way using engine
2015-04-03 11:30:00,900000152,Test Vessel 16-2,-22.22932,-40.859994,10.17,276.99,276.99,oil_spill_geo_16.jpg,-22.3603,-40.3212,20150403,Positive,Ships,VSL1046,Chemical Tanker,Norway,9000046,294.9,21.1,117845,27430,2022,Port Klang,Under way using engine
2015-04-03 12:00:00,900000152,Test Vessel 16-2,-22.224482,-40.949879,10.0,273.33,273.33,oil_spill_geo_16.jpg,-22.3603,-40.3212,20150403,Positive,Ships,VSL1046,Chemical Tanker,Norway,9000046,294.9,21.1,117845,27430,2022,Port Klang,Under way using engine
2015-04-03 12:30:00,900000152,Test Vessel 16-2,-22.211285,-41.037539,9.87,279.24,279.24,oil_spill_geo_16.jpg,-22.3603,-40.3212,20150403,Positive,Ships,VSL1046,Chemical Tanker,Norway,9000046,294.9,21.1,117845,27430,2022,Port Klang,Under way using engine
2015-04-03 13:00:00,900000152,Test Vessel 16-2,-22.196226,-41.120553,9.4,281.09,281.09,oil_spill_geo_16.jpg,-22.3603,-40.3212,20150403,Positive,Ships,VSL1046,Chemical Tanker,Norway,9000046,294.9,21.1,117845,27430,2022,Port Klang,Under way using engine
2015-04-03 13:30:00,900000152,Test Vessel 16-2,-22.170931,-41.202035,9.55,288.54,288.54,oil_spill_geo_16.jpg,-22.3603,-40.3212,20150403,Positive,Ships,VSL1046,Chemical Tanker,Norway,9000046,294.9,21.1,117845,27430,2022,Port Klang,Under way using engine
2015-04-03 14:00:00,900000152,Test Vessel 16-2,-22.146233,-41.285076,9.69,287.81,287.81,oil_spill_geo_16.jpg,-22.3603,-40.3212,20150403,Positive,Ships,VSL1046,Chemical Tanker,Norway,9000046,294.9,21.1,117845,27430,2022,Port Klang,Under way using engine
2015-04-03 14:30:00,900000152,Test Vessel 16-2,-22.128691,-41.372921,9.99,282.17,282.17,oil_spill_geo_16.jpg,-22.3603,-40.3212,20150403,Positive,Ships,VSL1046,Chemical Tanker,Norway,9000046,294.9,21.1,117845,27430,2022,Port Klang,Under way using engine
2015-04-03 15:00:00,900000152,Test Vessel 16-2,-22.113075,-41.460711,9.94,280.87,280.87,oil_spill_geo_16.jpg,-22.3603,-40.3212,20150403,Positive,Ships,VSL1046,Chemical Tanker,Norway,9000046,294.9,21.1,117845,27430,2022,Port Klang,Under way using engine
2015-04-03 09:00:00,900000153,Test Vessel 16-3,-22.471228,-40.384931,13.21,207.29,207.29,oil_spill_geo_16.jpg,-22.3603,-40.3212,20150403,Positive,Ships,VSL1047,Offshore Supply Vessel,Malta,9000047,259.9,13.3,20357,123054,2017,Dubai,Under way using engine
2015-04-03 09:30:00,900000153,Test Vessel 16-3,-22.566424,-40.442848,13.11,209.34,209.34,oil_spill_geo_16.jpg,-22.3603,-40.3212,20150403,Positive,Ships,VSL1047,Offshore Supply Vessel,Malta,9000047,259.9,13.3,20357,123054,2017,Dubai,Under way using engine
2015-04-03 10:00:00,900000153,Test Vessel 16-3,-22.649607,-40.513897,12.71,218.26,218.26,oil_spill_geo_16.jpg,-22.3603,-40.3212,20150403,Positive,Ships,VSL1047,Offshore Supply Vessel,Malta,9000047,259.9,13.3,20357,123054,2017,Dubai,Under way using engine
2015-04-03 10:30:00,900000153,Test Vessel 16-3,-22.728774,-40.594755,13.06,223.31,223.31,oil_spill_geo_16.jpg,-22.3603,-40.3212,20150403,Positive,Ships,VSL1047,Offshore Supply Vessel,Malta,9000047,259.9,13.3,20357,123054,2017,Dubai,Under way using engine
2015-04-03 11:00:00,900000153,Test Vessel 16-3,-22.8158,-40.673644,13.61,219.9,219.9,oil_spill_geo_16.jpg,-22.3603,-40.3212,20150403,Positive,Ships,VSL1047,Offshore Supply Vessel,Malta,9000047,259.9,13.3,20357,123054,2017,Dubai,Under way using engine
2015-04-03 11:30:00,900000153,Test Vessel 16-3,-22.899022,-40.76047,13.86,223.88,223.88,oil_spill_geo_16.jpg,-22.3603,-40.3212,20150403,Positive,Ships,VSL1047,Offshore Supply Vessel,Malta,9000047,259.9,13.3,20357,123054,2017,Dubai,Under way using engine
2015-04-03 12:00:00,900000153,Test Vessel 16-3,-22.981761,-40.847185,13.8,223.99,223.99,oil_spill_geo_16.jpg,-22.3603,-40.3212,20150403,Positive,Ships,VSL1047,Offshore Supply Vessel,Malta,9000047,259.9,13.3,20357,123054,2017,Dubai,Under way using engine
2015-04-03 12:30:00,900000153,Test Vessel 16-3,-23.066253,-40.933234,13.9,223.16,223.16,oil_spill_geo_16.jpg,-22.3603,-40.3212,20150403,Positive,Ships,VSL1047,Offshore Supply Vessel,Malta,9000047,259.9,13.3,20357,123054,2017,Dubai,Under way using engine
2015-04-03 13:00:00,900000153,Test Vessel 16-3,-23.142853,-41.028203,13.94,228.76,228.76,oil_spill_geo_16.jpg,-22.3603,-40.3212,20150403,Positive,Ships,VSL1047,Offshore Supply Vessel,Malta,9000047,259.9,13.3,20357,123054,2017,Dubai,Under way using engine
2015-04-03 13:30:00,900000153,Test Vessel 16-3,-23.226066,-41.11906,14.15,225.11,225.11,oil_spill_geo_16.jpg,-22.3603,-40.3212,20150403,Positive,Ships,VSL1047,Offshore Supply Vessel,Malta,9000047,259.9,13.3,20357,123054,2017,Dubai,Under way using engine
2015-04-03 14:00:00,900000153,Test Vessel 16-3,-23.304636,-41.216722,14.31,228.8,228.8,oil_spill_geo_16.jpg,-22.3603,-40.3212,20150403,Positive,Ships,VSL1047,Offshore Supply Vessel,Malta,9000047,259.9,13.3,20357,123054,2017,Dubai,Under way using engine
2015-04-03 14:30:00,900000153,Test Vessel 16-3,-23.378082,-41.318277,14.25,231.78,231.78,oil_spill_geo_16.jpg,-22.3603,-40.3212,20150403,Positive,Ships,VSL1047,Offshore Supply Vessel,Malta,9000047,259.9,13.3,20357,123054,2017,Dubai,Under way using engine
2015-04-03 15:00:00,900000153,Test Vessel 16-3,-23.45621,-41.413022,14.03,228.06,228.06,oil_spill_geo_16.jpg,-22.3603,-40.3212,20150403,Positive,Ships,VSL1047,Offshore Supply Vessel,Malta,9000047,259.9,13.3,20357,123054,2017,Dubai,Under way using engine
2015-04-03 09:00:00,900000161,Test Vessel 17-1,-22.404529,-40.378338,8.62,171.13,171.13,oil_spill_geo_17.jpg,-22.3335,-40.3909,20150403,Positive,Ships,VSL1048,Tanker,Bahamas,9000048,129.9,15.6,116733,30028,2016,Singapore,Under way using engine
2015-04-03 09:30:00,900000161,Test Vessel 17-1,-22.474756,-40.372506,8.45,175.61,175.61,oil_spill_geo_17.jpg,-22.3335,-40.3909,20150403,Positive,Ships,VSL1048,Tanker,Bahamas,9000048,129.9,15.6,116733,30028,2016,Singapore,Under way using engine
2015-04-03 10:00:00,900000161,Test Vessel 17-1,-22.542203,-40.368749,8.1,177.05,177.05,oil_spill_geo_17.jpg,-22.3335,-40.3909,20150403,Positive,Ships,VSL1048,Tanker,Bahamas,9000048,129.9,15.6,116733,30028,2016,Singapore,Under way using engine
2015-04-03 10:30:00,900000161,Test Vessel 17-1,-22.609359,-40.372314,8.07,182.81,182.81,oil_spill_geo_17.jpg,-22.3335,-40.3909,20150403,Positive,Ships,VSL1048,Tanker,Bahamas,9000048,129.9,15.6,116733,30028,2016,Singapore,Under way using engine
2015-04-03 11:00:00,900000161,Test Vessel 17-1,-22.681267,-40.377717,8.65,183.97,183.97,oil_spill_geo_17.jpg,-22.3335,-40.3909,20150403,Positive,Ships,VSL1048,Tanker,Bahamas,9000048,129.9,15.6,116733,30028,2016,Singapore,Under way using engine
2015-04-03 11:30:00,900000161,Test Vessel 17-1,-22.751618,-40.391207,8.57,190.03,190.03,oil_spill_geo_17.jpg,-22.3335,-40.3909,20150403,Positive,Ships,VSL1048,Tanker,Bahamas,9000048,129.9,15.6,116733,30028,2016,Singapore,Under way using engine
2015-04-03 12:00:00,900000161,Test Vessel 17-1,-22.821751,-40.401436,8.49,187.66,187.66,oil_spill_geo_17.jpg,-22.3335,-40.3909,20150403,Positive,Ships,VSL1048,Tanker,Bahamas,9000048,129.9,15.6,116733,30028,2016,Singapore,Under way using engine
2015-04-03 12:30:00,900000161,Test Vessel 17-1,-22.891288,-40.414332,8.47,189.7,189.7,oil_spill_geo_17.jpg,-22.3335,-40.3909,20150403,Positive,Ships,VSL1048,Tanker,Bahamas,9000048,129.9,15.6,116733,30028,2016,Singapore,Under way using engine
2015-04-03 13:00:00,900000161,Test Vessel 17-1,-22.964152,-40.425616,8.83,188.12,188.12,oil_spill_geo_17.jpg,-22.3335,-40.3909,20150403,Positive,Ships,VSL1048,Tanker,Bahamas,9000048,129.9,15.6,116733,30028,2016,Singapore,Under way using engine
2015-04-03 13:30:00,900000161,Test Vessel 17-1,-23.041845,-40.436968,9.41,187.66,187.66,oil_spill_geo_17.jpg,-22.3335,-40.3909,20150403,Positive,Ships,VSL1048,Tanker,Bahamas,9000048,129.9,15.6,116733,30028,2016,Singapore,Under way using engine
2015-04-03 14:00:00,900000161,Test Vessel 17-1,-23.123153,-40.449426,9.85,188.03,188.03,oil_spill_geo_17.jpg,-22.3335,-40.3909,20150403,Positive,Ships,VSL1048,Tanker,Bahamas,9000048,129.9,15.6,116733,30028,2016,Singapore,Under way using engine
2015-04-03 14:30:00,900000161,Test Vessel 17-1,-23.206129,-40.464451,10.09,189.45,189.45,oil_spill_geo_17.jpg,-22.3335,-40.3909,20150403,Positive,Ships,VSL1048,Tanker,Bahamas,9000048,129.9,15.6,116733,30028,2016,Singapore,Under way using engine
2015-04-03 15:00:00,900000161,Test Vessel 17-1,-23.28793,-40.47468,9.88,186.56,186.56,oil_spill_geo_17.jpg,-22.3335,-40.3909,20150403,Positive,Ships,VSL1048,Tanker,Bahamas,9000048,129.9,15.6,116733,30028,2016,Singapore,Under way using engine
2015-04-03 09:00:00,900000162,Test Vessel 17-2,-22.429522,-40.375572,11.27,176.63,176.63,oil_spill_geo_17.jpg,-22.3335,-40.3909,20150403,Positive,Ships,VSL1049,Tanker,United Kingdom,9000049,184.4,19.1,98942,111827,2018,Mumbai,Under way using engine
2015-04-03 09:30:00,900000162,Test Vessel 17-2,-22.522128,-40.357118,11.3,169.56,169.56,oil_spill_geo_17.jpg,-22.3335,-40.3909,20150403,Positive,Ships,VSL1049,Tanker,United Kingdom,9000049,184.4,19.1,98942,111827,2018,Mumbai,Under way using engine
2015-04-03 10:00:00,900000162,Test Vessel 17-2,-22.61576,-40.346577,11.3,174.06,174.06,oil_spill_geo_17.jpg,-22.3335,-40.3909,20150403,Positive,Ships,VSL1049,Tanker,United Kingdom,9000049,184.4,19.1,98942,111827,2018,Mumbai,Under way using engine
2015-04-03 10:30:00,900000162,Test Vessel 17-2,-22.706314,-40.320331,11.25,165.02,165.02,oil_spill_geo_17.jpg,-22.3335,-40.3909,20150403,Positive,Ships,VSL1049,Tanker,United Kingdom,9000049,184.4,19.1,98942,111827,2018,Mumbai,Under way using engine
2015-04-03 11:00:00,900000162,Test Vessel 17-2,-22.800792,-40.291679,11.77,164.37,164.37,oil_spill_geo_17.jpg,-22.3335,-40.3909,20150403,Positive,Ships,VSL1049,Tanker,United Kingdom,9000049,184.4,19.1,98942,111827,2018,Mumbai,Under way using engine
2015-04-03 11:30:00,900000162,Test Vessel 17-2,-22.89134,-40.25307,11.68,158.54,158.54,oil_spill_geo_17.jpg,-22.3335,-40.3909,20150403,Positive,Ships,VSL1049,Tanker,United Kingdom,9000049,184.4,19.1,98942,111827,2018,Mumbai,Under way using engine
2015-04-03 12:00:00,900000162,Test Vessel 17-2,-22.986383,-40.22613,11.79,165.37,165.37,oil_spill_geo_17.jpg,-22.3335,-40.3909,20150403,Positive,Ships,VSL1049,Tanker,United Kingdom,9000049,184.4,19.1,98942,111827,2018,Mumbai,Under way using engine
2015-04-03 12:30:00,900000162,Test Vessel 17-2,-23.082561,-40.203195,11.82,167.62,167.62,oil_spill_geo_17.jpg,-22.3335,-40.3909,20150403,Positive,Ships,VSL1049,Tanker,United Kingdom,9000049,184.4,19.1,98942,111827,2018,Mumbai,Under way using engine
2015-04-03 13:00:00,900000162,Test Vessel 17-2,-23.180789,-40.18232,12.01,168.94,168.94,oil_spill_geo_17.jpg,-22.3335,-40.3909,20150403,Positive,Ships,VSL1049,Tanker,United Kingdom,9000049,184.4,19.1,98942,111827,2018,Mumbai,Under way using engine
2015-04-03 13:30:00,900000162,Test Vessel 17-2,-23.279549,-40.154936,12.23,165.7,165.7,oil_spill_geo_17.jpg,-22.3335,-40.3909,20150403,Positive,Ships,VSL1049,Tanker,United Kingdom,9000049,184.4,19.1,98942,111827,2018,Mumbai,Under way using engine
2015-04-03 14:00:00,900000162,Test Vessel 17-2,-23.37609,-40.117116,12.31,160.21,160.21,oil_spill_geo_17.jpg,-22.3335,-40.3909,20150403,Positive,Ships,VSL1049,Tanker,United Kingdom,9000049,184.4,19.1,98942,111827,2018,Mumbai,Under way using engine
2015-04-03 14:30:00,900000162,Test Vessel 17-2,-23.471843,-40.08104,12.16,160.92,160.92,oil_spill_geo_17.jpg,-22.3335,-40.3909,20150403,Positive,Ships,VSL1049,Tanker,United Kingdom,9000049,184.4,19.1,98942,111827,2018,Mumbai,Under way using engine
2015-04-03 15:00:00,900000162,Test Vessel 17-2,-23.566319,-40.045238,12.0,160.83,160.83,oil_spill_geo_17.jpg,-22.3335,-40.3909,20150403,Positive,Ships,VSL1049,Tanker,United Kingdom,9000049,184.4,19.1,98942,111827,2018,Mumbai,Under way using engine
2015-04-03 09:00:00,900000163,Test Vessel 17-3,-22.427158,-40.382054,12.22,168.6,168.6,oil_spill_geo_17.jpg,-22.3335,-40.3909,20150403,Positive,Ships,VSL1050,Cargo,India,9000050,184.8,26.1,141868,141848,1999,Rotterdam,Under way using engine
2015-04-03 09:30:00,900000163,Test Vessel 17-3,-22.523836,-40.351822,12.08,163.88,163.88,oil_spill_geo_17.jpg,-22.3335,-40.3909,20150403,Positive,Ships,VSL1050,Cargo,India,9000050,184.8,26.1,141868,141848,1999,Rotterdam,Under way using engine
2015-04-03 10:00:00,900000163,Test Vessel 17-3,-22.62182,-40.316082,12.41,161.38,161.38,oil_spill_geo_17.jpg,-22.3335,-40.3909,20150403,Positive,Ships,VSL1050,Cargo,India,9000050,184.8,26.1,141868,141848,1999,Rotterdam,Under way using engine
2015-04-03 10:30:00,900000163,Test Vessel 17-3,-22.720119,-40.282915,12.35,162.7,162.7,oil_spill_geo_17.jpg,-22.3335,-40.3909,20150403,Positive,Ships,VSL1050,Cargo,India,9000050,184.8,26.1,141868,141848,1999,Rotterdam,Under way using engine
2015-04-03 11:00:00,900000163,Test Vessel 17-3,-22.815189,-40.254711,11.83,164.7,164.7,oil_spill_geo_17.jpg,-22.3335,-40.3909,20150403,Positive,Ships,VSL1050,Cargo,India,9000050,184.8,26.1,141868,141848,1999,Rotterdam,Under way using engine
2015-04-03 11:30:00,900000163,Test Vessel 17-3,-22.914191,-40.224971,12.33,164.52,164.52,oil_spill_geo_17.jpg,-22.3335,-40.3909,20150403,Positive,Ships,VSL1050,Cargo,India,9000050,184.8,26.1,141868,141848,1999,Rotterdam,Under way using engine
2015-04-03 12:00:00,900000163,Test Vessel 17-3,-23.013579,-40.196165,12.34,165.05,165.05,oil_spill_geo_17.jpg,-22.3335,-40.3909,20150403,Positive,Ships,VSL1050,Cargo,India,9000050,184.8,26.1,141868,141848,1999,Rotterdam,Under way using engine
2015-04-03 12:30:00,900000163,Test Vessel 17-3,-23.115729,-40.171042,12.57,167.25,167.25,oil_spill_geo_17.jpg,-22.3335,-40.3909,20150403,Positive,Ships,VSL1050,Cargo,India,9000050,184.8,26.1,141868,141848,1999,Rotterdam,Under way using engine
2015-04-03 13:00:00,900000163,Test Vessel 17-3,-23.210395,-40.132056,12.15,159.26,159.26,oil_spill_geo_17.jpg,-22.3335,-40.3909,20150403,Positive,Ships,VSL1050,Cargo,India,9000050,184.8,26.1,141868,141848,1999,Rotterdam,Under way using engine
2015-04-03 13:30:00,900000163,Test Vessel 17-3,-23.304178,-40.09511,11.97,160.1,160.1,oil_spill_geo_17.jpg,-22.3335,-40.3909,20150403,Positive,Ships,VSL1050,Cargo,India,9000050,184.8,26.1,141868,141848,1999,Rotterdam,Under way using engine
2015-04-03 14:00:00,900000163,Test Vessel 17-3,-23.400038,-40.067814,11.89,165.34,165.34,oil_spill_geo_17.jpg,-22.3335,-40.3909,20150403,Positive,Ships,VSL1050,Cargo,India,9000050,184.8,26.1,141868,141848,1999,Rotterdam,Under way using engine
2015-04-03 14:30:00,900000163,Test Vessel 17-3,-23.489207,-40.02778,11.57,157.61,157.61,oil_spill_geo_17.jpg,-22.3335,-40.3909,20150403,Positive,Ships,VSL1050,Cargo,India,9000050,184.8,26.1,141868,141848,1999,Rotterdam,Under way using engine
2015-04-03 15:00:00,900000163,Test Vessel 17-3,-23.569321,-39.970198,11.51,146.61,146.61,oil_spill_geo_17.jpg,-22.3335,-40.3909,20150403,Positive,Ships,VSL1050,Cargo,India,9000050,184.8,26.1,141868,141848,1999,Rotterdam,Under way using engine
2015-04-04 09:00:00,900000171,Test Vessel 18-1,-22.643021,-40.022016,5.2,165.25,165.25,oil_spill_geo_18.jpg,-22.6134,-40.0427,20150404,Positive,Ships,VSL1051,Tanker,Singapore,9000051,310.3,30.9,93387,12576,2003,Fujairah,Under way using engine
2015-04-04 09:30:00,900000171,Test Vessel 18-1,-22.686467,-40.011772,5.34,167.72,167.72,oil_spill_geo_18.jpg,-22.6134,-40.0427,20150404,Positive,Ships,VSL1051,Tanker,Singapore,9000051,310.3,30.9,93387,12576,2003,Fujairah,Under way using engine
2015-04-04 10:00:00,900000171,Test Vessel 18-1,-22.732114,-40.00212,5.58,168.96,168.96,oil_spill_geo_18.jpg,-22.6134,-40.0427,20150404,Positive,Ships,VSL1051,Tanker,Singapore,9000051,310.3,30.9,93387,12576,2003,Fujairah,Under way using engine
2015-04-04 10:30:00,900000171,Test Vessel 18-1,-22.780916,-39.987248,6.08,164.3,164.3,oil_spill_geo_18.jpg,-22.6134,-40.0427,20150404,Positive,Ships,VSL1051,Tanker,Singapore,9000051,310.3,30.9,93387,12576,2003,Fujairah,Under way using engine
2015-04-04 11:00:00,900000171,Test Vessel 18-1,-22.830161,-39.968296,6.27,160.46,160.46,oil_spill_geo_18.jpg,-22.6134,-40.0427,20150404,Positive,Ships,VSL1051,Tanker,Singapore,9000051,310.3,30.9,93387,12576,2003,Fujairah,Under way using engine
2015-04-04 11:30:00,900000171,Test Vessel 18-1,-22.875274,-39.944119,6.04,153.71,153.71,oil_spill_geo_18.jpg,-22.6134,-40.0427,20150404,Positive,Ships,VSL1051,Tanker,Singapore,9000051,310.3,30.9,93387,12576,2003,Fujairah,Under way using engine
2015-04-04 12:00:00,900000171,Test Vessel 18-1,-22.921978,-39.925448,5.97,159.78,159.78,oil_spill_geo_18.jpg,-22.6134,-40.0427,20150404,Positive,Ships,VSL1051,Tanker,Singapore,9000051,310.3,30.9,93387,12576,2003,Fujairah,Under way using engine
2015-04-04 12:30:00,900000171,Test Vessel 18-1,-22.970083,-39.909619,6.03,163.14,163.14,oil_spill_geo_18.jpg,-22.6134,-40.0427,20150404,Positive,Ships,VSL1051,Tanker,Singapore,9000051,310.3,30.9,93387,12576,2003,Fujairah,Under way using engine
2015-04-04 13:00:00,900000171,Test Vessel 18-1,-23.020793,-39.892485,6.37,162.72,162.72,oil_spill_geo_18.jpg,-22.6134,-40.0427,20150404,Positive,Ships,VSL1051,Tanker,Singapore,9000051,310.3,30.9,93387,12576,2003,Fujairah,Under way using engine
2015-04-04 13:30:00,900000171,Test Vessel 18-1,-23.067711,-39.875697,5.93,161.77,161.77,oil_spill_geo_18.jpg,-22.6134,-40.0427,20150404,Positive,Ships,VSL1051,Tanker,Singapore,9000051,310.3,30.9,93387,12576,2003,Fujairah,Under way using engine
2015-04-04 14:00:00,900000171,Test Vessel 18-1,-23.114759,-39.855615,6.07,158.56,158.56,oil_spill_geo_18.jpg,-22.6134,-40.0427,20150404,Positive,Ships,VSL1051,Tanker,Singapore,9000051,310.3,30.9,93387,12576,2003,Fujairah,Under way using engine
2015-04-04 14:30:00,900000171,Test Vessel 18-1,-23.159228,-39.838153,5.67,160.14,160.14,oil_spill_geo_18.jpg,-22.6134,-40.0427,20150404,Positive,Ships,VSL1051,Tanker,Singapore,9000051,310.3,30.9,93387,12576,2003,Fujairah,Under way using engine
2015-04-04 15:00:00,900000171,Test Vessel 18-1,-23.201711,-39.818771,5.53,157.24,157.24,oil_spill_geo_18.jpg,-22.6134,-40.0427,20150404,Positive,Ships,VSL1051,Tanker,Singapore,9000051,310.3,30.9,93387,12576,2003,Fujairah,Under way using engine
2015-04-04 09:00:00,900000172,Test Vessel 18-2,-22.637605,-40.090826,6.93,248.36,248.36,oil_spill_geo_18.jpg,-22.6134,-40.0427,20150404,Positive,Ships,VSL1052,Bulk Carrier,Liberia,9000052,205.5,16.6,119497,19582,2022,Colombo,Under way using engine
2015-04-04 09:30:00,900000172,Test Vessel 18-2,-22.659132,-40.147928,6.83,247.78,247.78,oil_spill_geo_18.jpg,-22.6134,-40.0427,20150404,Positive,Ships,VSL1052,Bulk Carrier,Liberia,9000052,205.5,16.6,119497,19582,2022,Colombo,Under way using engine
2015-04-04 10:00:00,900000172,Test Vessel 18-2,-22.679516,-40.203551,6.63,248.34,248.34,oil_spill_geo_18.jpg,-22.6134,-40.0427,20150404,Positive,Ships,VSL1052,Bulk Carrier,Liberia,9000052,205.5,16.6,119497,19582,2022,Colombo,Under way using engine
2015-04-04 10:30:00,900000172,Test Vessel 18-2,-22.703073,-40.255332,6.39,243.75,243.75,oil_spill_geo_18.jpg,-22.6134,-40.0427,20150404,Positive,Ships,VSL1052,Bulk Carrier,Liberia,9000052,205.5,16.6,119497,19582,2022,Colombo,Under way using engine
2015-04-04 11:00:00,900000172,Test Vessel 18-2,-22.727557,-40.303638,6.1,241.21,241.21,oil_spill_geo_18.jpg,-22.6134,-40.0427,20150404,Positive,Ships,VSL1052,Bulk Carrier,Liberia,9000052,205.5,16.6,119497,19582,2022,Colombo,Under way using engine
2015-04-04 11:30:00,900000172,Test Vessel 18-2,-22.752252,-40.353703,6.28,241.86,241.86,oil_spill_geo_18.jpg,-22.6134,-40.0427,20150404,Positive,Ships,VSL1052,Bulk Carrier,Liberia,9000052,205.5,16.6,119497,19582,2022,Colombo,Under way using engine
2015-04-04 12:00:00,900000172,Test Vessel 18-2,-22.781931,-40.400555,6.29,235.51,235.51,oil_spill_geo_18.jpg,-22.6134,-40.0427,20150404,Positive,Ships,VSL1052,Bulk Carrier,Liberia,9000052,205.5,16.6,119497,19582,2022,Colombo,Under way using engine
2015-04-04 12:30:00,900000172,Test Vessel 18-2,-22.812682,-40.447548,6.38,234.63,234.63,oil_spill_geo_18.jpg,-22.6134,-40.0427,20150404,Positive,Ships,VSL1052,Bulk Carrier,Liberia,9000052,205.5,16.6,119497,19582,2022,Colombo,Under way using engine
2015-04-04 13:00:00,900000172,Test Vessel 18-2,-22.841717,-40.491843,6.01,234.58,234.58,oil_spill_geo_18.jpg,-22.6134,-40.0427,20150404,Positive,Ships,VSL1052,Bulk Carrier,Liberia,9000052,205.5,16.6,119497,19582,2022,Colombo,Under way using engine
2015-04-04 13:30:00,900000172,Test Vessel 18-2,-22.874273,-40.533254,6.02,229.53,229.53,oil_spill_geo_18.jpg,-22.6134,-40.0427,20150404,Positive,Ships,VSL1052,Bulk Carrier,Liberia,9000052,205.5,16.6,119497,19582,2022,Colombo,Under way using engine
2015-04-04 14:00:00,900000172,Test Vessel 18-2,-22.901272,-40.573071,5.47,233.65,233.65,oil_spill_geo_18.jpg,-22.6134,-40.0427,20150404,Positive,Ships,VSL1052,Bulk Carrier,Liberia,9000052,205.5,16.6,119497,19582,2022,Colombo,Under way using engine
2015-04-04 14:30:00,900000172,Test Vessel 18-2,-22.928798,-40.615796,5.76,235.03,235.03,oil_spill_geo_18.jpg,-22.6134,-40.0427,20150404,Positive,Ships,VSL1052,Bulk Carrier,Liberia,9000052,205.5,16.6,119497,19582,2022,Colombo,Under way using engine
2015-04-04 15:00:00,900000172,Test Vessel 18-2,-22.95741,-40.65922,5.9,234.42,234.42,oil_spill_geo_18.jpg,-22.6134,-40.0427,20150404,Positive,Ships,VSL1052,Bulk Carrier,Liberia,9000052,205.5,16.6,119497,19582,2022,Colombo,Under way using engine
2015-04-04 09:00:00,900000173,Test Vessel 18-3,-22.622528,-40.118868,8.1,272.72,272.72,oil_spill_geo_18.jpg,-22.6134,-40.0427,20150404,Positive,Ships,VSL1053,Chemical Tanker,Panama,9000053,136.1,14.5,114185,153223,2022,Durban,Under way using engine
2015-04-04 09:30:00,900000173,Test Vessel 18-3,-22.621518,-40.188835,7.75,270.9,270.9,oil_spill_geo_18.jpg,-22.6134,-40.0427,20150404,Positive,Ships,VSL1053,Chemical Tanker,Panama,9000053,136.1,14.5,114185,153223,2022,Durban,Under way using engine
2015-04-04 10:00:00,900000173,Test Vessel 18-3,-22.62683,-40.25818,7.71,265.26,265.26,oil_spill_geo_18.jpg,-22.6134,-40.0427,20150404,Positive,Ships,VSL1053,Chemical Tanker,Panama,9000053,136.1,14.5,114185,153223,2022,Durban,Under way using engine
2015-04-04 10:30:00,900000173,Test Vessel 18-3,-22.635498,-40.32799,7.8,262.34,262.34,oil_spill_geo_18.jpg,-22.6134,-40.0427,20150404,Positive,Ships,VSL1053,Chemical Tanker,Panama,9000053,136.1,14.5,114185,153223,2022,Durban,Under way using engine
2015-04-04 11:00:00,900000173,Test Vessel 18-3,-22.642195,-40.398786,7.88,264.15,264.15,oil_spill_geo_18.jpg,-22.6134,-40.0427,20150404,Positive,Ships,VSL1053,Chemical Tanker,Panama,9000053,136.1,14.5,114185,153223,2022,Durban,Under way using engine
2015-04-04 11:30:00,900000173,Test Vessel 18-3,-22.648084,-40.473246,8.28,265.1,265.1,oil_spill_geo_18.jpg,-22.6134,-40.0427,20150404,Positive,Ships,VSL1053,Chemical Tanker,Panama,9000053,136.1,14.5,114185,153223,2022,Durban,Under way using engine
2015-04-04 12:00:00,900000173,Test Vessel 18-3,-22.659055,-40.546905,8.26,260.83,260.83,oil_spill_geo_18.jpg,-22.6134,-40.0427,20150404,Positive,Ships,VSL1053,Chemical Tanker,Panama,9000053,136.1,14.5,114185,153223,2022,Durban,Under way using engine
2015-04-04 12:30:00,900000173,Test Vessel 18-3,-22.664834,-40.624123,8.58,265.36,265.36,oil_spill_geo_18.jpg,-22.6134,-40.0427,20150404,Positive,Ships,VSL1053,Chemical Tanker,Panama,9000053,136.1,14.5,114185,153223,2022,Durban,Under way using engine
2015-04-04 13:00:00,900000173,Test Vessel 18-3,-22.67753,-40.699651,8.5,259.68,259.68,oil_spill_geo_18.jpg,-22.6134,-40.0427,20150404,Positive,Ships,VSL1053,Chemical Tanker,Panama,9000053,136.1,14.5,114185,153223,2022,Durban,Under way using engine
2015-04-04 13:30:00,900000173,Test Vessel 18-3,-22.683661,-40.777292,8.63,265.11,265.11,oil_spill_geo_18.jpg,-22.6134,-40.0427,20150404,Positive,Ships,VSL1053,Chemical Tanker,Panama,9000053,136.1,14.5,114185,153223,2022,Durban,Under way using engine
2015-04-04 14:00:00,900000173,Test Vessel 18-3,-22.688782,-40.85453,8.57,265.89,265.89,oil_spill_geo_18.jpg,-22.6134,-40.0427,20150404,Positive,Ships,VSL1053,Chemical Tanker,Panama,9000053,136.1,14.5,114185,153223,2022,Durban,Under way using engine
2015-04-04 14:30:00,900000173,Test Vessel 18-3,-22.69587,-40.932241,8.65,264.35,264.35,oil_spill_geo_18.jpg,-22.6134,-40.0427,20150404,Positive,Ships,VSL1053,Chemical Tanker,Panama,9000053,136.1,14.5,114185,153223,2022,Durban,Under way using engine
2015-04-04 15:00:00,900000173,Test Vessel 18-3,-22.70421,-41.009714,8.64,263.34,263.34,oil_spill_geo_18.jpg,-22.6134,-40.0427,20150404,Positive,Ships,VSL1053,Chemical Tanker,Panama,9000053,136.1,14.5,114185,153223,2022,Durban,Under way using engine
2015-04-15 09:00:00,900000181,Test Vessel 19-1,-20.255581,58.365124,7.1,137.63,137.63,oil_spill_geo_19.jpg,-20.2009,58.3093,20150415,Positive,Ships,VSL1054,Tanker,Marshall Islands,9000054,170.1,19.1,123826,166104,2007,Piraeus,Under way using engine
2015-04-15 09:30:00,900000181,Test Vessel 19-1,-20.29798,58.410971,7.25,134.59,134.59,oil_spill_geo_19.jpg,-20.2009,58.3093,20150415,Positive,Ships,VSL1054,Tanker,Marshall Islands,9000054,170.1,19.1,123826,166104,2007,Piraeus,Under way using engine
2015-04-15 10:00:00,900000181,Test Vessel 19-1,-20.341636,58.457885,7.44,134.77,134.77,oil_spill_geo_19.jpg,-20.2009,58.3093,20150415,Positive,Ships,VSL1054,Tanker,Marshall Islands,9000054,170.1,19.1,123826,166104,2007,Piraeus,Under way using engine
2015-04-15 10:30:00,900000181,Test Vessel 19-1,-20.389057,58.501116,7.49,139.48,139.48,oil_spill_geo_19.jpg,-20.2009,58.3093,20150415,Positive,Ships,VSL1054,Tanker,Marshall Islands,9000054,170.1,19.1,123826,166104,2007,Piraeus,Under way using engine
2015-04-15 11:00:00,900000181,Test Vessel 19-1,-20.435579,58.537169,6.9,144.0,144.0,oil_spill_geo_19.jpg,-20.2009,58.3093,20150415,Positive,Ships,VSL1054,Tanker,Marshall Islands,9000054,170.1,19.1,123826,166104,2007,Piraeus,Under way using engine
2015-04-15 11:30:00,900000181,Test Vessel 19-1,-20.486238,58.567921,6.99,150.37,150.37,oil_spill_geo_19.jpg,-20.2009,58.3093,20150415,Positive,Ships,VSL1054,Tanker,Marshall Islands,9000054,170.1,19.1,123826,166104,2007,Piraeus,Under way using engine
2015-04-15 12:00:00,900000181,Test Vessel 19-1,-20.536623,58.593371,6.69,154.68,154.68,oil_spill_geo_19.jpg,-20.2009,58.3093,20150415,Positive,Ships,VSL1054,Tanker,Marshall Islands,9000054,170.1,19.1,123826,166104,2007,Piraeus,Under way using engine
2015-04-15 12:30:00,900000181,Test Vessel 19-1,-20.585808,58.622061,6.73,151.36,151.36,oil_spill_geo_19.jpg,-20.2009,58.3093,20150415,Positive,Ships,VSL1054,Tanker,Marshall Islands,9000054,170.1,19.1,123826,166104,2007,Piraeus,Under way using engine
2015-04-15 13:00:00,900000181,Test Vessel 19-1,-20.635478,58.651125,6.8,151.29,151.29,oil_spill_geo_19.jpg,-20.2009,58.3093,20150415,Positive,Ships,VSL1054,Tanker,Marshall Islands,9000054,170.1,19.1,123826,166104,2007,Piraeus,Under way using engine
2015-04-15 13:30:00,900000181,Test Vessel 19-1,-20.683714,58.674479,6.35,155.62,155.62,oil_spill_geo_19.jpg,-20.2009,58.3093,20150415,Positive,Ships,VSL1054,Tanker,Marshall Islands,9000054,170.1,19.1,123826,166104,2007,Piraeus,Under way using engine
2015-04-15 14:00:00,900000181,Test Vessel 19-1,-20.73334,58.694291,6.36,159.52,159.52,oil_spill_geo_19.jpg,-20.2009,58.3093,20150415,Positive,Ships,VSL1054,Tanker,Marshall Islands,9000054,170.1,19.1,123826,166104,2007,Piraeus,Under way using engine
2015-04-15 14:30:00,900000181,Test Vessel 19-1,-20.779842,58.713671,5.99,158.71,158.71,oil_spill_geo_19.jpg,-20.2009,58.3093,20150415,Positive,Ships,VSL1054,Tanker,Marshall Islands,9000054,170.1,19.1,123826,166104,2007,Piraeus,Under way using engine
2015-04-15 15:00:00,900000181,Test Vessel 19-1,-20.822203,58.729523,5.39,160.72,160.72,oil_spill_geo_19.jpg,-20.2009,58.3093,20150415,Positive,Ships,VSL1054,Tanker,Marshall Islands,9000054,170.1,19.1,123826,166104,2007,Piraeus,Under way using engine
2015-04-15 09:00:00,900000182,Test Vessel 19-2,-20.291162,58.29305,9.5,185.71,185.71,oil_spill_geo_19.jpg,-20.2009,58.3093,20150415,Positive,Ships,VSL1055,Fishing Vessel,Greece,9000055,284.9,27.8,119139,82875,2003,Houston,Under way using engine
2015-04-15 09:30:00,900000182,Test Vessel 19-2,-20.369194,58.288782,9.38,182.94,182.94,oil_spill_geo_19.jpg,-20.2009,58.3093,20150415,Positive,Ships,VSL1055,Fishing Vessel,Greece,9000055,284.9,27.8,119139,82875,2003,Houston,Under way using engine
2015-04-15 10:00:00,900000182,Test Vessel 19-2,-20.447669,58.276975,9.51,188.03,188.03,oil_spill_geo_19.jpg,-20.2009,58.3093,20150415,Positive,Ships,VSL1055,Fishing Vessel,Greece,9000055,284.9,27.8,119139,82875,2003,Houston,Under way using engine
2015-04-15 10:30:00,900000182,Test Vessel 19-2,-20.525925,58.267481,9.45,186.49,186.49,oil_spill_geo_19.jpg,-20.2009,58.3093,20150415,Positive,Ships,VSL1055,Fishing Vessel,Greece,9000055,284.9,27.8,119139,82875,2003,Houston,Under way using engine
2015-04-15 11:00:00,900000182,Test Vessel 19-2,-20.605493,58.267159,9.55,180.22,180.22,oil_spill_geo_19.jpg,-20.2009,58.3093,20150415,Positive,Ships,VSL1055,Fishing Vessel,Greece,9000055,284.9,27.8,119139,82875,2003,Houston,Under way using engine
2015-04-15 11:30:00,900000182,Test Vessel 19-2,-20.686053,58.277456,9.74,173.18,173.18,oil_spill_geo_19.jpg,-20.2009,58.3093,20150415,Positive,Ships,VSL1055,Fishing Vessel,Greece,9000055,284.9,27.8,119139,82875,2003,Houston,Under way using engine
2015-04-15 12:00:00,900000182,Test Vessel 19-2,-20.77164,58.287569,10.33,173.69,173.69,oil_spill_geo_19.jpg,-20.2009,58.3093,20150415,Positive,Ships,VSL1055,Fishing Vessel,Greece,9000055,284.9,27.8,119139,82875,2003,Houston,Under way using engine
2015-04-15 12:30:00,900000182,Test Vessel 19-2,-20.856038,58.304639,10.31,169.29,169.29,oil_spill_geo_19.jpg,-20.2009,58.3093,20150415,Positive,Ships,VSL1055,Fishing Vessel,Greece,9000055,284.9,27.8,119139,82875,2003,Houston,Under way using engine
2015-04-15 13:00:00,900000182,Test Vessel 19-2,-20.944248,58.310437,10.61,176.48,176.48,oil_spill_geo_19.jpg,-20.2009,58.3093,20150415,Positive,Ships,VSL1055,Fishing Vessel,Greece,9000055,284.9,27.8,119139,82875,2003,Houston,Under way using engine
2015-04-15 13:30:00,900000182,Test Vessel 19-2,-21.032554,58.320876,10.66,173.7,173.7,oil_spill_geo_19.jpg,-20.2009,58.3093,20150415,Positive,Ships,VSL1055,Fishing Vessel,Greece,9000055,284.9,27.8,119139,82875,2003,Houston,Under way using engine
2015-04-15 14:00:00,900000182,Test Vessel 19-2,-21.121445,58.331377,10.73,173.71,173.71,oil_spill_geo_19.jpg,-20.2009,58.3093,20150415,Positive,Ships,VSL1055,Fishing Vessel,Greece,9000055,284.9,27.8,119139,82875,2003,Houston,Under way using engine
2015-04-15 14:30:00,900000182,Test Vessel 19-2,-21.209569,58.346487,10.71,170.91,170.91,oil_spill_geo_19.jpg,-20.2009,58.3093,20150415,Positive,Ships,VSL1055,Fishing Vessel,Greece,9000055,284.9,27.8,119139,82875,2003,Houston,Under way using engine
2015-04-15 15:00:00,900000182,Test Vessel 19-2,-21.295848,58.372116,10.74,164.52,164.52,oil_spill_geo_19.jpg,-20.2009,58.3093,20150415,Positive,Ships,VSL1055,Fishing Vessel,Greece,9000055,284.9,27.8,119139,82875,2003,Houston,Under way using engine
2015-04-15 09:00:00,900000183,Test Vessel 19-3,-20.253155,58.394169,10.28,122.73,122.73,oil_spill_geo_19.jpg,-20.2009,58.3093,20150415,Positive,Ships,VSL1056,Tanker,Norway,9000056,86.4,10.4,21537,28973,2010,Port Klang,Under way using engine
2015-04-15 09:30:00,900000183,Test Vessel 19-3,-20.296392,58.469068,9.9,121.6,121.6,oil_spill_geo_19.jpg,-20.2009,58.3093,20150415,Positive,Ships,VSL1056,Tanker,Norway,9000056,86.4,10.4,21537,28973,2010,Port Klang,Under way using engine
2015-04-15 10:00:00,900000183,Test Vessel 19-3,-20.333974,58.546034,9.77,117.5,117.5,oil_spill_geo_19.jpg,-20.2009,58.3093,20150415,Positive,Ships,VSL1056,Tanker,Norway,9000056,86.4,10.4,21537,28973,2010,Port Klang,Under way using engine
2015-04-15 10:30:00,900000183,Test Vessel 19-3,-20.376887,58.618104,9.61,122.42,122.42,oil_spill_geo_19.jpg,-20.2009,58.3093,20150415,Positive,Ships,VSL1056,Tanker,Norway,9000056,86.4,10.4,21537,28973,2010,Port Klang,Under way using engine
2015-04-15 11:00:00,900000183,Test Vessel 19-3,-20.422134,58.687096,9.47,124.98,124.98,oil_spill_geo_19.jpg,-20.2009,58.3093,20150415,Positive,Ships,VSL1056,Tanker,Norway,9000056,86.4,10.4,21537,28973,2010,Port Klang,Under way using engine
2015-04-15 11:30:00,900000183,Test Vessel 19-3,-20.46832,58.755007,9.44,125.97,125.97,oil_spill_geo_19.jpg,-20.2009,58.3093,20150415,Positive,Ships,VSL1056,Tanker,Norway,9000056,86.4,10.4,21537,28973,2010,Port Klang,Under way using engine
2015-04-15 12:00:00,900000183,Test Vessel 19-3,-20.517589,58.818892,9.3,129.46,129.46,oil_spill_geo_19.jpg,-20.2009,58.3093,20150415,Positive,Ships,VSL1056,Tanker,Norway,9000056,86.4,10.4,21537,28973,2010,Port Klang,Under way using engine
2015-04-15 12:30:00,900000183,Test Vessel 19-3,-20.558429,58.885603,8.96,123.17,123.17,oil_spill_geo_19.jpg,-20.2009,58.3093,20150415,Positive,Ships,VSL1056,Tanker,Norway,9000056,86.4,10.4,21537,28973,2010,Port Klang,Under way using engine
2015-04-15 13:00:00,900000183,Test Vessel 19-3,-20.59558,58.951524,8.64,121.04,121.04,oil_spill_geo_19.jpg,-20.2009,58.3093,20150415,Positive,Ships,VSL1056,Tanker,Norway,9000056,86.4,10.4,21537,28973,2010,Port Klang,Under way using engine
2015-04-15 13:30:00,900000183,Test Vessel 19-3,-20.633958,59.015425,8.53,122.68,122.68,oil_spill_geo_19.jpg,-20.2009,58.3093,20150415,Positive,Ships,VSL1056,Tanker,Norway,9000056,86.4,10.4,21537,28973,2010,Port Klang,Under way using engine
2015-04-15 14:00:00,900000183,Test Vessel 19-3,-20.679251,59.068832,8.09,132.18,132.18,oil_spill_geo_19.jpg,-20.2009,58.3093,20150415,Positive,Ships,VSL1056,Tanker,Norway,9000056,86.4,10.4,21537,28973,2010,Port Klang,Under way using engine
2015-04-15 14:30:00,900000183,Test Vessel 19-3,-20.723647,59.119725,7.81,133.0,133.0,oil_spill_geo_19.jpg,-20.2009,58.3093,20150415,Positive,Ships,VSL1056,Tanker,Norway,9000056,86.4,10.4,21537,28973,2010,Port Klang,Under way using engine
2015-04-15 15:00:00,900000183,Test Vessel 19-3,-20.76657,59.172474,7.85,131.02,131.02,oil_spill_geo_19.jpg,-20.2009,58.3093,20150415,Positive,Ships,VSL1056,Tanker,Norway,9000056,86.4,10.4,21537,28973,2010,Port Klang,Under way using engine
2015-04-15 09:00:00,900000191,Test Vessel 20-1,-23.240825,58.28013,9.3,172.45,172.45,oil_spill_geo_20.jpg,-23.1713,58.2681,20150415,Positive,Ships,VSL1057,Tanker,Malta,9000057,264.3,18.6,42594,18541,2008,Dubai,Under way using engine
2015-04-15 09:30:00,900000191,Test Vessel 20-1,-23.316349,58.291987,9.16,171.79,171.79,oil_spill_geo_20.jpg,-23.1713,58.2681,20150415,Positive,Ships,VSL1057,Tanker,Malta,9000057,264.3,18.6,42594,18541,2008,Dubai,Under way using engine
2015-04-15 10:00:00,900000191,Test Vessel 20-1,-23.390474,58.317145,9.32,162.69,162.69,oil_spill_geo_20.jpg,-23.1713,58.2681,20150415,Positive,Ships,VSL1057,Tanker,Malta,9000057,264.3,18.6,42594,18541,2008,Dubai,Under way using engine
2015-04-15 10:30:00,900000191,Test Vessel 20-1,-23.462405,58.342253,9.06,162.24,162.24,oil_spill_geo_20.jpg,-23.1713,58.2681,20150415,Positive,Ships,VSL1057,Tanker,Malta,9000057,264.3,18.6,42594,18541,2008,Dubai,Under way using engine
2015-04-15 11:00:00,900000191,Test Vessel 20-1,-23.533375,58.366287,8.92,162.74,162.74,oil_spill_geo_20.jpg,-23.1713,58.2681,20150415,Positive,Ships,VSL1057,Tanker,Malta,9000057,264.3,18.6,42594,18541,2008,Dubai,Under way using engine
2015-04-15 11:30:00,900000191,Test Vessel 20-1,-23.604676,58.39363,9.07,160.63,160.63,oil_spill_geo_20.jpg,-23.1713,58.2681,20150415,Positive,Ships,VSL1057,Tanker,Malta,9000057,264.3,18.6,42594,18541,2008,Dubai,Under way using engine
2015-04-15 12:00:00,900000191,Test Vessel 20-1,-23.675309,58.429125,9.33,155.28,155.28,oil_spill_geo_20.jpg,-23.1713,58.2681,20150415,Positive,Ships,VSL1057,Tanker,Malta,9000057,264.3,18.6,42594,18541,2008,Dubai,Under way using engine
2015-04-15 12:30:00,900000191,Test Vessel 20-1,-23.741245,58.471222,9.17,149.68,149.68,oil_spill_geo_20.jpg,-23.1713,58.2681,20150415,Positive,Ships,VSL1057,Tanker,Malta,9000057,264.3,18.6,42594,18541,2008,Dubai,Under way using engine
2015-04-15 13:00:00,900000191,Test Vessel 20-1,-23.813916,58.504307,9.45,157.38,157.38,oil_spill_geo_20.jpg,-23.1713,58.2681,20150415,Positive,Ships,VSL1057,Tanker,Malta,9000057,264.3,18.6,42594,18541,2008,Dubai,Under way using engine
2015-04-15 13:30:00,900000191,Test Vessel 20-1,-23.884978,58.536059,9.21,157.77,157.77,oil_spill_geo_20.jpg,-23.1713,58.2681,20150415,Positive,Ships,VSL1057,Tanker,Malta,9000057,264.3,18.6,42594,18541,2008,Dubai,Under way using engine
2015-04-15 14:00:00,900000191,Test Vessel 20-1,-23.955057,58.570746,9.23,155.65,155.65,oil_spill_geo_20.jpg,-23.1713,58.2681,20150415,Positive,Ships,VSL1057,Tanker,Malta,9000057,264.3,18.6,42594,18541,2008,Dubai,Under way using engine
2015-04-15 14:30:00,900000191,Test Vessel 20-1,-24.025047,58.605166,9.21,155.8,155.8,oil_spill_geo_20.jpg,-23.1713,58.2681,20150415,Positive,Ships,VSL1057,Tanker,Malta,9000057,264.3,18.6,42594,18541,2008,Dubai,Under way using engine
2015-04-15 15:00:00,900000191,Test Vessel 20-1,-24.094561,58.639568,9.15,155.68,155.68,oil_spill_geo_20.jpg,-23.1713,58.2681,20150415,Positive,Ships,VSL1057,Tanker,Malta,9000057,264.3,18.6,42594,18541,2008,Dubai,Under way using engine
2015-04-15 09:00:00,900000192,Test Vessel 20-2,-23.206685,58.334321,9.0,123.82,123.82,oil_spill_geo_20.jpg,-23.1713,58.2681,20150415,Positive,Ships,VSL1058,Container Ship,Bahamas,9000058,184.5,17.2,5502,35976,2000,Singapore,Under way using engine
2015-04-15 09:30:00,900000192,Test Vessel 20-2,-23.24848,58.401058,8.91,124.27,124.27,oil_spill_geo_20.jpg,-23.1713,58.2681,20150415,Positive,Ships,VSL1058,Container Ship,Bahamas,9000058,184.5,17.2,5502,35976,2000,Singapore,Under way using engine
2015-04-15 10:00:00,900000192,Test Vessel 20-2,-23.297048,58.463656,9.03,130.18,130.18,oil_spill_geo_20.jpg,-23.1713,58.2681,20150415,Positive,Ships,VSL1058,Container Ship,Bahamas,9000058,184.5,17.2,5502,35976,2000,Singapore,Under way using engine
2015-04-15 10:30:00,900000192,Test Vessel 20-2,-23.340954,58.532098,9.2,124.93,124.93,oil_spill_geo_20.jpg,-23.1713,58.2681,20150415,Positive,Ships,VSL1058,Container Ship,Bahamas,9000058,184.5,17.2,5502,35976,2000,Singapore,Under way using engine
2015-04-15 11:00:00,900000192,Test Vessel 20-2,-23.380764,58.601935,9.06,121.83,121.83,oil_spill_geo_20.jpg,-23.1713,58.2681,20150415,Positive,Ships,VSL1058,Container Ship,Bahamas,9000058,184.5,17.2,5502,35976,2000,Singapore,Under way using engine
2015-04-15 11:30:00,900000192,Test Vessel 20-2,-23.42141,58.669891,8.93,123.09,123.09,oil_spill_geo_20.jpg,-23.1713,58.2681,20150415,Positive,Ships,VSL1058,Container Ship,Bahamas,9000058,184.5,17.2,5502,35976,2000,Singapore,Under way using engine
2015-04-15 12:00:00,900000192,Test Vessel 20-2,-23.464899,58.733566,8.74,126.66,126.66,oil_spill_geo_20.jpg,-23.1713,58.2681,20150415,Positive,Ships,VSL1058,Container Ship,Bahamas,9000058,184.5,17.2,5502,35976,2000,Singapore,Under way using engine
2015-04-15 12:30:00,900000192,Test Vessel 20-2,-23.505055,58.798018,8.58,124.18,124.18,oil_spill_geo_20.jpg,-23.1713,58.2681,20150415,Positive,Ships,VSL1058,Container Ship,Bahamas,9000058,184.5,17.2,5502,35976,2000,Singapore,Under way using engine
2015-04-15 13:00:00,900000192,Test Vessel 20-2,-23.544057,58.866287,8.85,121.92,121.92,oil_spill_geo_20.jpg,-23.1713,58.2681,20150415,Positive,Ships,VSL1058,Container Ship,Bahamas,9000058,184.5,17.2,5502,35976,2000,Singapore,Under way using engine
2015-04-15 13:30:00,900000192,Test Vessel 20-2,-23.587782,58.935848,9.28,124.44,124.44,oil_spill_geo_20.jpg,-23.1713,58.2681,20150415,Positive,Ships,VSL1058,Container Ship,Bahamas,9000058,184.5,17.2,5502,35976,2000,Singapore,Under way using engine
2015-04-15 14:00:00,900000192,Test Vessel 20-2,-23.639537,58.995341,9.02,133.51,133.51,oil_spill_geo_20.jpg,-23.1713,58.2681,20150415,Positive,Ships,VSL1058,Container Ship,Bahamas,9000058,184.5,17.2,5502,35976,2000,Singapore,Under way using engine
2015-04-15 14:30:00,900000192,Test Vessel 20-2,-23.689863,59.052648,8.73,133.79,133.79,oil_spill_geo_20.jpg,-23.1713,58.2681,20150415,Positive,Ships,VSL1058,Container Ship,Bahamas,9000058,184.5,17.2,5502,35976,2000,Singapore,Under way using engine
2015-04-15 15:00:00,900000192,Test Vessel 20-2,-23.73641,59.111788,8.57,130.68,130.68,oil_spill_geo_20.jpg,-23.1713,58.2681,20150415,Positive,Ships,VSL1058,Container Ship,Bahamas,9000058,184.5,17.2,5502,35976,2000,Singapore,Under way using engine
2015-04-15 09:00:00,900000193,Test Vessel 20-3,-23.224387,58.291192,5.55,150.62,150.62,oil_spill_geo_20.jpg,-23.1713,58.2681,20150415,Positive,Ships,VSL1059,Bulk Carrier,United Kingdom,9000059,283.1,47.8,42400,59013,2007,Mumbai,Under way using engine
2015-04-15 09:30:00,900000193,Test Vessel 20-3,-23.267452,58.306546,5.44,161.86,161.86,oil_spill_geo_20.jpg,-23.1713,58.2681,20150415,Positive,Ships,VSL1059,Bulk Carrier,United Kingdom,9000059,283.1,47.8,42400,59013,2007,Mumbai,Under way using engine
2015-04-15 10:00:00,900000193,Test Vessel 20-3,-23.308019,58.320768,5.11,162.15,162.15,oil_spill_geo_20.jpg,-23.1713,58.2681,20150415,Positive,Ships,VSL1059,Bulk Carrier,United Kingdom,9000059,283.1,47.8,42400,59013,2007,Mumbai,Under way using engine
2015-04-15 10:30:00,900000193,Test Vessel 20-3,-23.35214,58.330131,5.39,168.97,168.97,oil_spill_geo_20.jpg,-23.1713,58.2681,20150415,Positive,Ships,VSL1059,Bulk Carrier,United Kingdom,9000059,283.1,47.8,42400,59013,2007,Mumbai,Under way using engine
2015-04-15 11:00:00,900000193,Test Vessel 20-3,-23.393666,58.337977,5.06,170.16,170.16,oil_spill_geo_20.jpg,-23.1713,58.2681,20150415,Positive,Ships,VSL1059,Bulk Carrier,United Kingdom,9000059,283.1,47.8,42400,59013,2007,Mumbai,Under way using engine
2015-04-15 11:30:00,900000193,Test Vessel 20-3,-23.432985,58.34476,4.78,171.0,171.0,oil_spill_geo_20.jpg,-23.1713,58.2681,20150415,Positive,Ships,VSL1059,Bulk Carrier,United Kingdom,9000059,283.1,47.8,42400,59013,2007,Mumbai,Under way using engine
2015-04-15 12:00:00,900000193,Test Vessel 20-3,-23.474417,58.347244,4.98,176.85,176.85,oil_spill_geo_20.jpg,-23.1713,58.2681,20150415,Positive,Ships,VSL1059,Bulk Carrier,United Kingdom,9000059,283.1,47.8,42400,59013,2007,Mumbai,Under way using engine
2015-04-15 12:30:00,900000193,Test Vessel 20-3,-23.510794,58.349161,4.37,177.23,177.23,oil_spill_geo_20.jpg,-23.1713,58.2681,20150415,Positive,Ships,VSL1059,Bulk Carrier,United Kingdom,9000059,283.1,47.8,42400,59013,2007,Mumbai,Under way using engine
2015-04-15 13:00:00,900000193,Test Vessel 20-3,-23.548388,58.353977,4.54,173.3,173.3,oil_spill_geo_20.jpg,-23.1713,58.2681,20150415,Positive,Ships,VSL1059,Bulk Carrier,United Kingdom,9000059,283.1,47.8,42400,59013,2007,Mumbai,Under way using engine
2015-04-15 13:30:00,900000193,Test Vessel 20-3,-23.588529,58.35539,4.82,178.15,178.15,oil_spill_geo_20.jpg,-23.1713,58.2681,20150415,Positive,Ships,VSL1059,Bulk Carrier,United Kingdom,9000059,283.1,47.8,42400,59013,2007,Mumbai,Under way using engine
2015-04-15 14:00:00,900000193,Test Vessel 20-3,-23.628902,58.361752,4.89,171.78,171.78,oil_spill_geo_20.jpg,-23.1713,58.2681,20150415,Positive,Ships,VSL1059,Bulk Carrier,United Kingdom,9000059,283.1,47.8,42400,59013,2007,Mumbai,Under way using engine
2015-04-15 14:30:00,900000193,Test Vessel 20-3,-23.66614,58.364704,4.48,175.85,175.85,oil_spill_geo_20.jpg,-23.1713,58.2681,20150415,Positive,Ships,VSL1059,Bulk Carrier,United Kingdom,9000059,283.1,47.8,42400,59013,2007,Mumbai,Under way using engine
2015-04-15 15:00:00,900000193,Test Vessel 20-3,-23.703945,58.367725,4.55,175.81,175.81,oil_spill_geo_20.jpg,-23.1713,58.2681,20150415,Positive,Ships,VSL1059,Bulk Carrier,United Kingdom,9000059,283.1,47.8,42400,59013,2007,Mumbai,Under way using engine
